year,state,state_po,district,runoff,special,candidate,party,candidatevotes,totalvotes
2022,ALABAMA,AL,1,False,False,JERRY L CARL,REPUBLICAN,140592,168150
2022,ALABAMA,AL,1,False,False,ALEXANDER M REMREY,LIBERTARIAN,26369,168150
2022,ALABAMA,AL,2,False,False,BARRY MOORE,REPUBLICAN,137460,198961
2022,ALABAMA,AL,2,False,False,PHYLLIS HARVEY-HALL,DEMOCRAT,58014,198961
2022,ALABAMA,AL,2,False,False,JONATHAN REALZ,LIBERTARIAN,3396,198961
2022,ALABAMA,AL,3,False,False,MIKE ROGERS,REPUBLICAN,135602,190406
2022,ALABAMA,AL,3,False,False,LIN VEASEY,DEMOCRAT,47859,190406
2022,ALABAMA,AL,3,False,False,DOUGLAS A BELL,INDEPENDENT,3831,190406
2022,ALABAMA,AL,3,False,False,THOMAS SICKOFDC CASSON,LIBERTARIAN,3034,190406
2022,ALABAMA,AL,4,False,False,ROBERT B ADERHOLT,REPUBLICAN,164655,195733
2022,ALABAMA,AL,4,False,False,RICK NEIGHBORS,DEMOCRAT,26694,195733
2022,ALABAMA,AL,4,False,False,JOHNNY C COCHRAN,LIBERTARIAN,4303,195733
2022,ALABAMA,AL,5,False,False,DALE STRONG,REPUBLICAN,142435,212317
2022,ALABAMA,AL,5,False,False,KATHY WARNER-STANTON,DEMOCRAT,62740,212317
2022,ALABAMA,AL,5,False,False,P J GREER,LIBERTARIAN,6773,212317
2022,ALABAMA,AL,6,False,False,GARY J PALMER,REPUBLICAN,154233,184203
2022,ALABAMA,AL,6,False,False,ANDRIA CHIEFFO,LIBERTARIAN,27833,184203
2022,ALABAMA,AL,7,False,False,BEATRICE NICHOLS,REPUBLICAN,67416,193940
2022,ALABAMA,AL,7,False,False,TERRI A SEWELL,DEMOCRAT,123233,193940
2022,ALABAMA,AL,7,False,False,GAVIN GOODMAN,LIBERTARIAN,3212,193940
2022,ARIZONA,AZ,1,False,False,DAVID SCHWEIKERT,REPUBLICAN,182336,361477
2022,ARIZONA,AZ,1,False,False,JEVIN HODGE,DEMOCRAT,179141,361477
2022,ARIZONA,AZ,2,False,False,ELI CRANE,REPUBLICAN,174169,323396
2022,ARIZONA,AZ,2,False,False,TOM O’HALLERAN,DEMOCRAT,149151,323396
2022,ARIZONA,AZ,3,False,False,JEFF ZINK,REPUBLICAN,32475,141074
2022,ARIZONA,AZ,3,False,False,RUBEN GALLEGO,DEMOCRAT,108599,141074
2022,ARIZONA,AZ,4,False,False,KELLY COOPER,REPUBLICAN,116521,265498
2022,ARIZONA,AZ,4,False,False,GREG STANTON,DEMOCRAT,148941,265498
2022,ARIZONA,AZ,5,False,False,ANDY BIGGS,REPUBLICAN,182464,321590
2022,ARIZONA,AZ,5,False,False,JAVIER RAMOS,DEMOCRAT,120243,321590
2022,ARIZONA,AZ,5,False,False,CLINT SMITH,INDEPENDENT,18851,321590
2022,ARIZONA,AZ,6,False,False,JUAN CISCOMANI,REPUBLICAN,177201,349283
2022,ARIZONA,AZ,6,False,False,KIRSTEN ENGEL,DEMOCRAT,171969,349283
2022,ARIZONA,AZ,7,False,False,LUIS POZZOLO,REPUBLICAN,69444,195862
2022,ARIZONA,AZ,7,False,False,RAÚL M GRIJALVA,DEMOCRAT,126418,195862
2022,ARIZONA,AZ,8,False,False,DEBBIE LESKO,REPUBLICAN,197555,204713
2022,ARIZONA,AZ,9,False,False,PAUL GOSAR,REPUBLICAN,192796,197185
2022,ARKANSAS,AR,1,False,False,ERIC A “RICK” CRAWFORD,REPUBLICAN,153774,208372
2022,ARKANSAS,AR,1,False,False,MONTE HODGES,DEMOCRAT,54598,208372
2022,ARKANSAS,AR,2,False,False,J FRENCH HILL,REPUBLICAN,147975,246446
2022,ARKANSAS,AR,2,False,False,QUINTESSA HATHAWAY,DEMOCRAT,86887,246446
2022,ARKANSAS,AR,2,False,False,MICHAEL WHITE,LIBERTARIAN,11584,246446
2022,ARKANSAS,AR,3,False,False,STEVE WOMACK,REPUBLICAN,142401,223588
2022,ARKANSAS,AR,3,False,False,LAUREN MALLETT-HAYS,DEMOCRAT,73541,223588
2022,ARKANSAS,AR,3,False,False,MICHAEL J KALAGIAS,LIBERTARIAN,7646,223588
2022,ARKANSAS,AR,4,False,False,BRUCE WESTERMAN,REPUBLICAN,153850,216696
2022,ARKANSAS,AR,4,False,False,JOHN WHITE,DEMOCRAT,56745,216696
2022,ARKANSAS,AR,4,False,False,GREGORY MAXWELL,LIBERTARIAN,6101,216696
2022,CALIFORNIA,CA,1,False,False,DOUG LAMALFA,REPUBLICAN,152839,246225
2022,CALIFORNIA,CA,1,False,False,MAX STEINER,DEMOCRAT,93386,246225
2022,CALIFORNIA,CA,2,False,False,DOUGLAS BROWER,REPUBLICAN,79029,308749
2022,CALIFORNIA,CA,2,False,False,JARED HUFFMAN,DEMOCRAT,229720,308749
2022,CALIFORNIA,CA,3,False,False,KEVIN KILEY,REPUBLICAN,181438,338199
2022,CALIFORNIA,CA,3,False,False,KERMIT JONES,DEMOCRAT,156761,338199
2022,CALIFORNIA,CA,4,False,False,MATT BROCK,REPUBLICAN,84007,260907
2022,CALIFORNIA,CA,4,False,False,MIKE THOMPSON,DEMOCRAT,176900,260907
2022,CALIFORNIA,CA,5,False,False,TOM MCCLINTOCK,REPUBLICAN,173524,283030
2022,CALIFORNIA,CA,5,False,False,MICHAEL J “MIKE” BARKLEY,DEMOCRAT,109506,283030
2022,CALIFORNIA,CA,6,False,False,TAMIKA HAMILTON,REPUBLICAN,95325,216383
2022,CALIFORNIA,CA,6,False,False,AMI BERA,DEMOCRAT,121058,216383
2022,CALIFORNIA,CA,7,False,False,MAX SEMENENKO,REPUBLICAN,70033,220651
2022,CALIFORNIA,CA,7,False,False,DORIS O MATSUI,DEMOCRAT,150618,220651
2022,CALIFORNIA,CA,8,False,False,RUDY RECILE,REPUBLICAN,46634,192135
2022,CALIFORNIA,CA,8,False,False,JOHN GARAMENDI,DEMOCRAT,145501,192135
2022,CALIFORNIA,CA,9,False,False,TOM PATTI,REPUBLICAN,78802,174400
2022,CALIFORNIA,CA,9,False,False,JOSH HARDER,DEMOCRAT,95598,174400
2022,CALIFORNIA,CA,10,False,False,MARK DESAULNIER,DEMOCRAT,198415,251380
2022,CALIFORNIA,CA,10,False,False,MICHAEL ERNEST KERR,GREEN,52965,251380
2022,CALIFORNIA,CA,11,False,False,JOHN DENNIS,REPUBLICAN,42217,263065
2022,CALIFORNIA,CA,11,False,False,NANCY PELOSI,DEMOCRAT,220848,263065
2022,CALIFORNIA,CA,12,False,False,STEPHEN SLAUSON,REPUBLICAN,22859,239969
2022,CALIFORNIA,CA,12,False,False,BARBARA LEE,DEMOCRAT,217110,239969
2022,CALIFORNIA,CA,13,False,False,JOHN DUARTE,REPUBLICAN,67060,133556
2022,CALIFORNIA,CA,13,False,False,ADAM GRAY,DEMOCRAT,66496,133556
2022,CALIFORNIA,CA,14,False,False,ALISON HAYDEN,REPUBLICAN,60852,198464
2022,CALIFORNIA,CA,14,False,False,ERIC SWALWELL,DEMOCRAT,137612,198464
2022,CALIFORNIA,CA,15,False,False,KEVIN MULLIN,DEMOCRAT,108077,194874
2022,CALIFORNIA,CA,15,False,False,DAVID J CANEPA,DEMOCRAT,86797,194874
2022,CALIFORNIA,CA,16,False,False,ANNA G ESHOO,DEMOCRAT,139235,241007
2022,CALIFORNIA,CA,16,False,False,RISHI KUMAR,DEMOCRAT,101772,241007
2022,CALIFORNIA,CA,17,False,False,RITESH TANDON,REPUBLICAN,52400,180253
2022,CALIFORNIA,CA,17,False,False,RO KHANNA,DEMOCRAT,127853,180253
2022,CALIFORNIA,CA,18,False,False,PETER HERNANDEZ,REPUBLICAN,51737,151513
2022,CALIFORNIA,CA,18,False,False,ZOE LOFGREN,DEMOCRAT,99776,151513
2022,CALIFORNIA,CA,19,False,False,JEFF GORMAN,REPUBLICAN,88816,283310
2022,CALIFORNIA,CA,19,False,False,JIMMY PANETTA,DEMOCRAT,194494,283310
2022,CALIFORNIA,CA,20,False,False,KEVIN MCCARTHY,REPUBLICAN,153847,228781
2022,CALIFORNIA,CA,20,False,False,MARISA WOOD,DEMOCRAT,74934,228781
2022,CALIFORNIA,CA,21,False,False,MICHAEL MAHER,REPUBLICAN,57573,125647
2022,CALIFORNIA,CA,21,False,False,JIM COSTA,DEMOCRAT,68074,125647
2022,CALIFORNIA,CA,22,False,False,DAVID G VALADAO,REPUBLICAN,52994,102856
2022,CALIFORNIA,CA,22,False,False,RUDY SALAS,DEMOCRAT,49862,102856
2022,CALIFORNIA,CA,23,False,False,JAY OBERNOLTE,REPUBLICAN,103197,169105
2022,CALIFORNIA,CA,23,False,False,DEREK MARSHALL,DEMOCRAT,65908,169105
2022,CALIFORNIA,CA,24,False,False,BRAD ALLEN,REPUBLICAN,103533,262552
2022,CALIFORNIA,CA,24,False,False,SALUD O CARBAJAL,DEMOCRAT,159019,262552
2022,CALIFORNIA,CA,25,False,False,BRIAN E HAWKINS,REPUBLICAN,65101,152742
2022,CALIFORNIA,CA,25,False,False,RAUL RUIZ,DEMOCRAT,87641,152742
2022,CALIFORNIA,CA,26,False,False,MATT JACOBS,REPUBLICAN,112214,246789
2022,CALIFORNIA,CA,26,False,False,JULIA BROWNLEY,DEMOCRAT,134575,246789
2022,CALIFORNIA,CA,27,False,False,MIKE GARCIA,REPUBLICAN,104624,196516
2022,CALIFORNIA,CA,27,False,False,CHRISTY SMITH,DEMOCRAT,91892,196516
2022,CALIFORNIA,CA,28,False,False,WES HALLMAN,REPUBLICAN,76495,226557
2022,CALIFORNIA,CA,28,False,False,JUDY CHU,DEMOCRAT,150062,226557
2022,CALIFORNIA,CA,29,False,False,TONY CÁRDENAS,DEMOCRAT,69915,119435
2022,CALIFORNIA,CA,29,False,False,ANGÉLICA MARIA DUEÑAS,DEMOCRAT,49520,119435
2022,CALIFORNIA,CA,30,False,False,ADAM B SCHIFF,DEMOCRAT,150100,211068
2022,CALIFORNIA,CA,30,False,False,G “MAEBE A GIRL” PUDLO,DEMOCRAT,60968,211068
2022,CALIFORNIA,CA,31,False,False,DANIEL BOCIC MARTINEZ,REPUBLICAN,62153,153625
2022,CALIFORNIA,CA,31,False,False,GRACE F NAPOLITANO,DEMOCRAT,91472,153625
2022,CALIFORNIA,CA,32,False,False,LUCIE LAPOINTE VOLOTZKY,REPUBLICAN,74618,242029
2022,CALIFORNIA,CA,32,False,False,BRAD SHERMAN,DEMOCRAT,167411,242029
2022,CALIFORNIA,CA,33,False,False,JOHN MARK PORTER,REPUBLICAN,56119,132707
2022,CALIFORNIA,CA,33,False,False,PETE AGUILAR,DEMOCRAT,76588,132707
2022,CALIFORNIA,CA,34,False,False,JIMMY GOMEZ,DEMOCRAT,62244,121467
2022,CALIFORNIA,CA,34,False,False,DAVID KIM,DEMOCRAT,59223,121467
2022,CALIFORNIA,CA,35,False,False,MIKE CARGILE,REPUBLICAN,55832,130953
2022,CALIFORNIA,CA,35,False,False,NORMA J TORRES,DEMOCRAT,75121,130953
2022,CALIFORNIA,CA,36,False,False,JOE E COLLINS III,REPUBLICAN,84264,278563
2022,CALIFORNIA,CA,36,False,False,TED LIEU,DEMOCRAT,194299,278563
2022,CALIFORNIA,CA,37,False,False,SYDNEY KAMLAGER,DEMOCRAT,84338,131880
2022,CALIFORNIA,CA,37,False,False,JAN C PERRY,DEMOCRAT,47542,131880
2022,CALIFORNIA,CA,38,False,False,ERIC J CHING,REPUBLICAN,73051,174311
2022,CALIFORNIA,CA,38,False,False,LINDA T SÁNCHEZ,DEMOCRAT,101260,174311
2022,CALIFORNIA,CA,39,False,False,AJA SMITH,REPUBLICAN,55701,131597
2022,CALIFORNIA,CA,39,False,False,MARK TAKANO,DEMOCRAT,75896,131597
2022,CALIFORNIA,CA,40,False,False,YOUNG KIM,REPUBLICAN,161589,284311
2022,CALIFORNIA,CA,40,False,False,ASIF MAHMOOD,DEMOCRAT,122722,284311
2022,CALIFORNIA,CA,41,False,False,KEN CALVERT,REPUBLICAN,123869,236638
2022,CALIFORNIA,CA,41,False,False,WILL ROLLINS,DEMOCRAT,112769,236638
2022,CALIFORNIA,CA,42,False,False,JOHN BRISCOE,REPUBLICAN,45903,145120
2022,CALIFORNIA,CA,42,False,False,ROBERT GARCIA,DEMOCRAT,99217,145120
2022,CALIFORNIA,CA,43,False,False,OMAR NAVARRO,REPUBLICAN,27985,123447
2022,CALIFORNIA,CA,43,False,False,MAXINE WATERS,DEMOCRAT,95462,123447
2022,CALIFORNIA,CA,44,False,False,PAUL JONES,REPUBLICAN,38554,138714
2022,CALIFORNIA,CA,44,False,False,NANETTE DIAZ BARRAGÁN,DEMOCRAT,100160,138714
2022,CALIFORNIA,CA,45,False,False,MICHELLE STEEL,REPUBLICAN,113960,217426
2022,CALIFORNIA,CA,45,False,False,JAY F CHEN,DEMOCRAT,103466,217426
2022,CALIFORNIA,CA,46,False,False,CHRISTOPHER J GONZALES,REPUBLICAN,48257,126298
2022,CALIFORNIA,CA,46,False,False,J LUIS CORREA,DEMOCRAT,78041,126298
2022,CALIFORNIA,CA,47,False,False,SCOTT BAUGH,REPUBLICAN,128261,265635
2022,CALIFORNIA,CA,47,False,False,KATIE PORTER,DEMOCRAT,137374,265635
2022,CALIFORNIA,CA,48,False,False,DARRELL ISSA,REPUBLICAN,155171,257071
2022,CALIFORNIA,CA,48,False,False,STEPHEN HOULAHAN,DEMOCRAT,101900,257071
2022,CALIFORNIA,CA,49,False,False,BRIAN MARYOTT,REPUBLICAN,138194,291735
2022,CALIFORNIA,CA,49,False,False,MIKE LEVIN,DEMOCRAT,153541,291735
2022,CALIFORNIA,CA,50,False,False,COREY GUSTAFSON,REPUBLICAN,99819,268635
2022,CALIFORNIA,CA,50,False,False,SCOTT H PETERS,DEMOCRAT,168816,268635
2022,CALIFORNIA,CA,51,False,False,STAN CAPLAN,REPUBLICAN,88886,233072
2022,CALIFORNIA,CA,51,False,False,SARA JACOBS,DEMOCRAT,144186,233072
2022,CALIFORNIA,CA,52,False,False,TYLER GEFFENEY,REPUBLICAN,50330,151016
2022,CALIFORNIA,CA,52,False,False,JUAN VARGAS,DEMOCRAT,100686,151016
2022,COLORADO,CO,1,False,False,JENNIFER QUALTERI,REPUBLICAN,49530,282616
2022,COLORADO,CO,1,False,False,DIANA DEGETTE,DEMOCRAT,226929,282616
2022,COLORADO,CO,1,False,False,JOHN C KITTLESON,LIBERTARIAN,6157,282616
2022,COLORADO,CO,2,False,False,MARSHALL DAWSON,REPUBLICAN,97700,348839
2022,COLORADO,CO,2,False,False,JOE NEGUSE,DEMOCRAT,244107,348839
2022,COLORADO,CO,2,False,False,STEVE YURASH,COLORADO CENTER PARTY,2876,348839
2022,COLORADO,CO,2,False,False,GARY L NATION,AMERICAN CONSTITUTION PARTY,2188,348839
2022,COLORADO,CO,2,False,False,TIM WOLF,UNITY PARTY OF COLORADO,1968,348839
2022,COLORADO,CO,3,False,False,LAUREN BOEBERT,REPUBLICAN,163839,327285
2022,COLORADO,CO,3,False,False,ADAM FRISCH,DEMOCRAT,163293,327285
2022,COLORADO,CO,3,False,False,MARINA ZIMMERMAN,UNAFFILIATED,74,327285
2022,COLORADO,CO,3,False,False,KRISTIN SKOWRONSKI,UNAFFILIATED,71,327285
2022,COLORADO,CO,3,False,False,RICHARD “TURTLE” TETU,UNAFFILIATED,8,327285
2022,COLORADO,CO,4,False,False,KEN BUCK,REPUBLICAN,216024,354513
2022,COLORADO,CO,4,False,False,IKE MCCORKLE,DEMOCRAT,129619,354513
2022,COLORADO,CO,4,False,False,RYAN MCGONIGAL,AMERICAN CONSTITUTION PARTY,8870,354513
2022,COLORADO,CO,5,False,False,DOUG LAMBORN,REPUBLICAN,155528,277964
2022,COLORADO,CO,5,False,False,DAVID TORRES,DEMOCRAT,111978,277964
2022,COLORADO,CO,5,False,False,BRIAN FLANAGAN,LIBERTARIAN,7079,277964
2022,COLORADO,CO,5,False,False,CHRISTOPHER MITCHELL,AMERICAN CONSTITUTION PARTY,3370,277964
2022,COLORADO,CO,6,False,False,STEVEN MONAHAN,REPUBLICAN,105084,280755
2022,COLORADO,CO,6,False,False,JASON CROW,DEMOCRAT,170140,280755
2022,COLORADO,CO,6,False,False,ERIC C MULDER,LIBERTARIAN,5531,280755
2022,COLORADO,CO,7,False,False,ERIK AADLAND,REPUBLICAN,150510,363601
2022,COLORADO,CO,7,False,False,BRITTANY PETTERSEN,DEMOCRAT,204984,363601
2022,COLORADO,CO,7,False,False,ROSS KLOPF,LIBERTARIAN,6187,363601
2022,COLORADO,CO,7,False,False,CRITTER MILTON,UNITY PARTY OF COLORADO,1828,363601
2022,COLORADO,CO,8,False,False,BARBARA KIRKMEYER,REPUBLICAN,112745,236501
2022,COLORADO,CO,8,False,False,YADIRA CARAVEO,DEMOCRAT,114377,236501
2022,COLORADO,CO,8,False,False,RICHARD WARD,LIBERTARIAN,9280,236501
2022,FLORIDA,FL,1,False,False,MATT GAETZ,REPUBLICAN,197349,290816
2022,FLORIDA,FL,1,False,False,REBEKAH JONES,DEMOCRAT,93467,290816
2022,FLORIDA,FL,2,False,False,NEAL P DUNN,REPUBLICAN,180236,301389
2022,FLORIDA,FL,2,False,False,"AL LAWSON, JR",DEMOCRAT,121153,301389
2022,FLORIDA,FL,3,False,False,KAT CAMMACK,REPUBLICAN,178101,284893
2022,FLORIDA,FL,3,False,False,DANIELLE HAWK,DEMOCRAT,103382,284893
2022,FLORIDA,FL,3,False,False,LINDA S BROOKS,NO PARTY AFFILIATION,3410,284893
2022,FLORIDA,FL,4,False,False,AARON BEAN,REPUBLICAN,165696,274103
2022,FLORIDA,FL,4,False,False,LASHONDA “LJ” HOLLOWAY,DEMOCRAT,108402,274103
2022,FLORIDA,FL,5,False,False,JOHN H RUTHERFORD,REPUBLICAN,1,1
2022,FLORIDA,FL,6,False,False,MICHAEL WALTZ,REPUBLICAN,226548,300755
2022,FLORIDA,FL,6,False,False,JOSEPH “JOE” HANNOUSH,LIBERTARIAN,74207,300755
2022,FLORIDA,FL,7,False,False,CORY MILLS,REPUBLICAN,177966,304055
2022,FLORIDA,FL,7,False,False,KAREN GREEN,DEMOCRAT,126079,304055
2022,FLORIDA,FL,8,False,False,BILL POSEY,REPUBLICAN,222128,342208
2022,FLORIDA,FL,8,False,False,JOANNE TERRY,DEMOCRAT,120080,342208
2022,FLORIDA,FL,9,False,False,SCOTTY MOORE,REPUBLICAN,93827,202368
2022,FLORIDA,FL,9,False,False,DARREN SOTO,DEMOCRAT,108541,202368
2022,FLORIDA,FL,10,False,False,CALVIN B WIMBISH,REPUBLICAN,78844,199910
2022,FLORIDA,FL,10,False,False,MAXWELL ALEJANDRO FROST,DEMOCRAT,117955,199910
2022,FLORIDA,FL,10,False,False,JASON HOLIC,NO PARTY AFFILIATION,2001,199910
2022,FLORIDA,FL,10,False,False,USHA JAIN,NO PARTY AFFILIATION,1110,199910
2022,FLORIDA,FL,11,False,False,DANIEL WEBSTER,REPUBLICAN,205995,326609
2022,FLORIDA,FL,11,False,False,SHANTE MUNNS,DEMOCRAT,115647,326609
2022,FLORIDA,FL,11,False,False,KEVIN PORTER,NO PARTY AFFILIATION,4967,326609
2022,FLORIDA,FL,12,False,False,GUS M BILIRAKIS,REPUBLICAN,226601,321995
2022,FLORIDA,FL,12,False,False,KIMBERLY WALKER,DEMOCRAT,95390,321995
2022,FLORIDA,FL,13,False,False,ANNA PAULINA LUNA,REPUBLICAN,181487,341546
2022,FLORIDA,FL,13,False,False,ERIC LYNN,DEMOCRAT,153876,341546
2022,FLORIDA,FL,13,False,False,FRANK CRAFT,LIBERTARIAN,6163,341546
2022,FLORIDA,FL,14,False,False,JAMES JUDGE,REPUBLICAN,113427,263164
2022,FLORIDA,FL,14,False,False,KATHY CASTOR,DEMOCRAT,149737,263164
2022,FLORIDA,FL,15,False,False,LAUREL LEE,REPUBLICAN,145219,248054
2022,FLORIDA,FL,15,False,False,ALAN M COHN,DEMOCRAT,102835,248054
2022,FLORIDA,FL,16,False,False,VERN BUCHANAN,REPUBLICAN,189762,305358
2022,FLORIDA,FL,16,False,False,JAN SCHNEIDER,DEMOCRAT,115575,305358
2022,FLORIDA,FL,17,False,False,W GREGORY STEUBE,REPUBLICAN,222483,348506
2022,FLORIDA,FL,17,False,False,ANDREA DORIA KALE,DEMOCRAT,123798,348506
2022,FLORIDA,FL,17,False,False,THEODORE “PINK TIE” MURRAY,NO PARTY AFFILIATION,2225,348506
2022,FLORIDA,FL,18,False,False,C SCOTT FRANKLIN,REPUBLICAN,167429,224234
2022,FLORIDA,FL,18,False,False,"KEITH R HAYDEN, JR",NO PARTY AFFILIATION,56647,224234
2022,FLORIDA,FL,19,False,False,BYRON DONALDS,REPUBLICAN,213035,313274
2022,FLORIDA,FL,19,False,False,CINDY BANYAI,DEMOCRAT,100226,313274
2022,FLORIDA,FL,20,False,False,DREW MONTEZ CLARK,REPUBLICAN,52151,188366
2022,FLORIDA,FL,20,False,False,SHEILA CHERFILUS-MCCORMICK,DEMOCRAT,136215,188366
2022,FLORIDA,FL,21,False,False,BRIAN J MAST,REPUBLICAN,208614,328505
2022,FLORIDA,FL,21,False,False,CORINNA BALDERRAMOS ROBINSON,DEMOCRAT,119891,328505
2022,FLORIDA,FL,22,False,False,DAN FRANZESE,REPUBLICAN,122194,272204
2022,FLORIDA,FL,22,False,False,LOIS FRANKEL,DEMOCRAT,150010,272204
2022,FLORIDA,FL,23,False,False,JOE BUDD,REPUBLICAN,130681,279049
2022,FLORIDA,FL,23,False,False,JARED MOSKOWITZ,DEMOCRAT,143951,279049
2022,FLORIDA,FL,23,False,False,CHRISTINE SCOTT,NO PARTY AFFILIATION,3079,279049
2022,FLORIDA,FL,23,False,False,MARK NAPIER,NO PARTY AFFILIATION,1338,279049
2022,FLORIDA,FL,24,False,False,JESUS G NAVARRO,REPUBLICAN,52449,185891
2022,FLORIDA,FL,24,False,False,FREDERICA S WILSON,DEMOCRAT,133442,185891
2022,FLORIDA,FL,25,False,False,CARLA SPALDING,REPUBLICAN,105239,234352
2022,FLORIDA,FL,25,False,False,DEBBIE WASSERMAN SCHULTZ,DEMOCRAT,129113,234352
2022,FLORIDA,FL,26,False,False,MARIO DIAZ-BALART,REPUBLICAN,143240,202108
2022,FLORIDA,FL,26,False,False,CHRISTINE ALEXANDRIA OLIVO,DEMOCRAT,58868,202108
2022,FLORIDA,FL,27,False,False,MARIA ELVIRA SALAZAR,REPUBLICAN,136038,237442
2022,FLORIDA,FL,27,False,False,ANNETTE TADDEO,DEMOCRAT,101404,237442
2022,FLORIDA,FL,28,False,False,CARLOS A GIMENEZ,REPUBLICAN,134457,211150
2022,FLORIDA,FL,28,False,False,ROBERT ASENCIO,DEMOCRAT,76665,211150
2022,GEORGIA,GA,1,False,False,EARL L “BUDDY” CARTER,REPUBLICAN,156128,263965
2022,GEORGIA,GA,1,False,False,WADE HERRING,DEMOCRAT,107837,263965
2022,GEORGIA,GA,2,False,False,CHRIS WEST,REPUBLICAN,108665,241340
2022,GEORGIA,GA,2,False,False,"SANFORD D BISHOP, JR",DEMOCRAT,132675,241340
2022,GEORGIA,GA,3,False,False,A DREW FERGUSON IV,REPUBLICAN,213524,310581
2022,GEORGIA,GA,3,False,False,VAL ALMONORD,DEMOCRAT,97057,310581
2022,GEORGIA,GA,4,False,False,JONATHAN CHAVEZ,REPUBLICAN,59302,275634
2022,GEORGIA,GA,4,False,False,"HENRY C “HANK” JOHNSON, JR",DEMOCRAT,216332,275634
2022,GEORGIA,GA,5,False,False,CHRISTIAN ZIMM,REPUBLICAN,51769,295456
2022,GEORGIA,GA,5,False,False,NIKEMA WILLIAMS,DEMOCRAT,243687,295456
2022,GEORGIA,GA,6,False,False,RICH MCCORMICK,REPUBLICAN,206886,332498
2022,GEORGIA,GA,6,False,False,BOB CHRISTIAN,DEMOCRAT,125612,332498
2022,GEORGIA,GA,7,False,False,MARK GONSALVES,REPUBLICAN,91962,235039
2022,GEORGIA,GA,7,False,False,LUCY MCBATH,DEMOCRAT,143063,235039
2022,GEORGIA,GA,8,False,False,AUSTIN SCOTT,REPUBLICAN,178700,260586
2022,GEORGIA,GA,8,False,False,DARRIUS BUTLER,DEMOCRAT,81886,260586
2022,GEORGIA,GA,9,False,False,ANDREW S CLYDE,REPUBLICAN,212820,294138
2022,GEORGIA,GA,9,False,False,MICHAEL “MIKE” FORD,DEMOCRAT,81318,294138
2022,GEORGIA,GA,10,False,False,MIKE COLLINS,REPUBLICAN,198523,307630
2022,GEORGIA,GA,10,False,False,TABITHA JOHNSON-GREEN,DEMOCRAT,109107,307630
2022,GEORGIA,GA,11,False,False,BARRY LOUDERMILK,REPUBLICAN,190086,303657
2022,GEORGIA,GA,11,False,False,ANTONIO DAZA,DEMOCRAT,113571,303657
2022,GEORGIA,GA,12,False,False,RICK W ALLEN,REPUBLICAN,158047,265195
2022,GEORGIA,GA,12,False,False,ELIZABETH “LIZ” JOHNSON,DEMOCRAT,107148,265195
2022,GEORGIA,GA,13,False,False,CAESAR GONZALES,REPUBLICAN,48228,264616
2022,GEORGIA,GA,13,False,False,DAVID SCOTT,DEMOCRAT,216388,264616
2022,GEORGIA,GA,14,False,False,MARJORIE TAYLOR GREENE,REPUBLICAN,170162,258351
2022,GEORGIA,GA,14,False,False,MARCUS FLOWERS,DEMOCRAT,88189,258351
2022,ILLINOIS,IL,1,False,False,ERIC CARLSON,REPUBLICAN,78258,237425
2022,ILLINOIS,IL,1,False,False,JONATHAN L JACKSON,DEMOCRAT,159142,237425
2022,ILLINOIS,IL,2,False,False,THOMAS LYNCH,REPUBLICAN,68761,209175
2022,ILLINOIS,IL,2,False,False,ROBIN L KELLY,DEMOCRAT,140414,209175
2022,ILLINOIS,IL,3,False,False,JUSTIN BURAU,REPUBLICAN,55995,177759
2022,ILLINOIS,IL,3,False,False,DELIA RAMIREZ,DEMOCRAT,121764,177759
2022,ILLINOIS,IL,4,False,False,JAMES FALAKOS,REPUBLICAN,37352,133047
2022,ILLINOIS,IL,4,False,False,JESÚS G “CHUY” GARCÍA,DEMOCRAT,91036,133047
2022,ILLINOIS,IL,4,False,False,EDWARD HERSHEY,WORKING CLASS,4605,133047
2022,ILLINOIS,IL,5,False,False,TOMMY HANSON,REPUBLICAN,79112,274550
2022,ILLINOIS,IL,5,False,False,MIKE QUIGLEY,DEMOCRAT,190999,274550
2022,ILLINOIS,IL,5,False,False,JERICO MATIAS CRUZ,INDEPENDENT,4439,274550
2022,ILLINOIS,IL,6,False,False,KEITH PEKAU,REPUBLICAN,126351,276859
2022,ILLINOIS,IL,6,False,False,SEAN CASTEN,DEMOCRAT,150496,276859
2022,ILLINOIS,IL,7,False,False,DANNY K DAVIS,DEMOCRAT,167650,167746
2022,ILLINOIS,IL,8,False,False,CHRIS DARGIS,REPUBLICAN,89335,207215
2022,ILLINOIS,IL,8,False,False,RAJA KRISHNAMOORTHI,DEMOCRAT,117880,207215
2022,ILLINOIS,IL,9,False,False,MAXWELL “MAX” RICE,REPUBLICAN,70915,250530
2022,ILLINOIS,IL,9,False,False,JANICE D SCHAKOWSKY,DEMOCRAT,179615,250530
2022,ILLINOIS,IL,10,False,False,JOSEPH SEVERINO,REPUBLICAN,89599,242165
2022,ILLINOIS,IL,10,False,False,BRADLEY SCOTT SCHNEIDER,DEMOCRAT,152566,242165
2022,ILLINOIS,IL,11,False,False,CATALINA LAUF,REPUBLICAN,115069,264241
2022,ILLINOIS,IL,11,False,False,BILL FOSTER,DEMOCRAT,149172,264241
2022,ILLINOIS,IL,12,False,False,MIKE BOST,REPUBLICAN,218379,291171
2022,ILLINOIS,IL,12,False,False,HOMER “CHIP” MARKEL,DEMOCRAT,72791,291171
2022,ILLINOIS,IL,13,False,False,REGAN DEERING,REPUBLICAN,108646,250450
2022,ILLINOIS,IL,13,False,False,NIKKI BUDZINSKI,DEMOCRAT,141788,250450
2022,ILLINOIS,IL,14,False,False,SCOTT R GRYDER,REPUBLICAN,108451,236600
2022,ILLINOIS,IL,14,False,False,LAUREN UNDERWOOD,DEMOCRAT,128141,236600
2022,ILLINOIS,IL,15,False,False,MARY E MILLER,REPUBLICAN,213007,299403
2022,ILLINOIS,IL,15,False,False,PAUL J LANGE,DEMOCRAT,86396,299403
2022,ILLINOIS,IL,16,False,False,DARIN LAHOOD,REPUBLICAN,197621,297946
2022,ILLINOIS,IL,16,False,False,ELIZABETH “LISA” HADERLEIN,DEMOCRAT,100325,297946
2022,ILLINOIS,IL,17,False,False,ESTHER JOY KING,REPUBLICAN,111931,233123
2022,ILLINOIS,IL,17,False,False,ERIC SORENSEN,DEMOCRAT,121186,233123
2022,MARYLAND,MD,1,False,False,ANDY HARRIS,REPUBLICAN,159673,293358
2022,MARYLAND,MD,1,False,False,HEATHER R MIZEUR,DEMOCRAT,126511,293358
2022,MARYLAND,MD,1,False,False,DANIEL FRANK THIBEAULT,LIBERTARIAN,6924,293358
2022,MARYLAND,MD,2,False,False,NICOLEE AMBROSE,REPUBLICAN,109075,268434
2022,MARYLAND,MD,2,False,False,C A DUTCH RUPPERSBERGER,DEMOCRAT,158998,268434
2022,MARYLAND,MD,3,False,False,YURIPZY MORGAN,REPUBLICAN,115801,291602
2022,MARYLAND,MD,3,False,False,JOHN P SARBANES,DEMOCRAT,175514,291602
2022,MARYLAND,MD,4,False,False,JEFF WARNER,REPUBLICAN,15441,160009
2022,MARYLAND,MD,4,False,False,GLENN F IVEY,DEMOCRAT,144168,160009
2022,MARYLAND,MD,5,False,False,CHRIS PALOMBI,REPUBLICAN,94000,276920
2022,MARYLAND,MD,5,False,False,STENY H HOYER,DEMOCRAT,182478,276920
2022,MARYLAND,MD,6,False,False,NEIL C PARROTT,REPUBLICAN,115771,256398
2022,MARYLAND,MD,6,False,False,DAVID J TRONE,DEMOCRAT,140295,256398
2022,MARYLAND,MD,7,False,False,SCOTT M COLLIER,REPUBLICAN,32737,184801
2022,MARYLAND,MD,7,False,False,KWEISI MFUME,DEMOCRAT,151640,184801
2022,MARYLAND,MD,8,False,False,GREGORY THOMAS COLL,REPUBLICAN,47965,264206
2022,MARYLAND,MD,8,False,False,JAMIE RASKIN,DEMOCRAT,211842,264206
2022,MARYLAND,MD,8,False,False,ANDRÉS GARCIA,LIBERTARIAN,4125,264206
2022,MASSACHUSETTS,MA,1,False,False,DEAN JAMES MARTILLI,REPUBLICAN,98386,263651
2022,MASSACHUSETTS,MA,1,False,False,RICHARD E NEAL,DEMOCRAT,157635,263651
2022,MASSACHUSETTS,MA,1,False,False,BLANKS,,7252,263651
2022,MASSACHUSETTS,MA,1,False,False,ALL OTHERS,,378,263651
2022,MASSACHUSETTS,MA,2,False,False,JEFFREY A SOSSA-PAQUETTE,REPUBLICAN,91956,280071
2022,MASSACHUSETTS,MA,2,False,False,JAMES P MCGOVERN,DEMOCRAT,180639,280071
2022,MASSACHUSETTS,MA,2,False,False,BLANKS,,7200,280071
2022,MASSACHUSETTS,MA,2,False,False,ALL OTHERS,,276,280071
2022,MASSACHUSETTS,MA,3,False,False,DEAN A TRAN,REPUBLICAN,88585,251389
2022,MASSACHUSETTS,MA,3,False,False,LORI TRAHAN,DEMOCRAT,154496,251389
2022,MASSACHUSETTS,MA,3,False,False,BLANKS,,8088,251389
2022,MASSACHUSETTS,MA,3,False,False,ALL OTHERS,,220,251389
2022,MASSACHUSETTS,MA,4,False,False,JAKE AUCHINCLOSS,DEMOCRAT,201882,291569
2022,MASSACHUSETTS,MA,4,False,False,BLANKS,,83290,291569
2022,MASSACHUSETTS,MA,4,False,False,ALL OTHERS,,6397,291569
2022,MASSACHUSETTS,MA,5,False,False,CAROLINE COLARUSSO,REPUBLICAN,71491,284881
2022,MASSACHUSETTS,MA,5,False,False,KATHERINE M CLARK,DEMOCRAT,203994,284881
2022,MASSACHUSETTS,MA,5,False,False,BLANKS,,9210,284881
2022,MASSACHUSETTS,MA,5,False,False,ALL OTHERS,,186,284881
2022,MASSACHUSETTS,MA,6,False,False,BOB MAY,REPUBLICAN,110770,323032
2022,MASSACHUSETTS,MA,6,False,False,SETH MOULTON,DEMOCRAT,198119,323032
2022,MASSACHUSETTS,MA,6,False,False,MARK T TASHJIAN,LIBERTARIAN,5995,323032
2022,MASSACHUSETTS,MA,6,False,False,BLANKS,,7951,323032
2022,MASSACHUSETTS,MA,6,False,False,ALL OTHERS,,197,323032
2022,MASSACHUSETTS,MA,7,False,False,"DONNIE DIONICIO PALMER, JR",REPUBLICAN,27129,189830
2022,MASSACHUSETTS,MA,7,False,False,AYANNA PRESSLEY,DEMOCRAT,151825,189830
2022,MASSACHUSETTS,MA,7,False,False,BLANKS,,10319,189830
2022,MASSACHUSETTS,MA,7,False,False,ALL OTHERS,,557,189830
2022,MASSACHUSETTS,MA,8,False,False,ROBERT G BURKE,REPUBLICAN,82126,284583
2022,MASSACHUSETTS,MA,8,False,False,STEPHEN F LYNCH,DEMOCRAT,189987,284583
2022,MASSACHUSETTS,MA,8,False,False,BLANKS,,12019,284583
2022,MASSACHUSETTS,MA,8,False,False,ALL OTHERS,,451,284583
2022,MASSACHUSETTS,MA,9,False,False,JESSE G BROWN,REPUBLICAN,136347,342455
2022,MASSACHUSETTS,MA,9,False,False,WILLIAM R KEATING,DEMOCRAT,197823,342455
2022,MASSACHUSETTS,MA,9,False,False,BLANKS,,8135,342455
2022,MASSACHUSETTS,MA,9,False,False,ALL OTHERS,,150,342455
2022,MICHIGAN,MI,1,False,False,JACK BERGMAN,REPUBLICAN,233094,388599
2022,MICHIGAN,MI,1,False,False,BOB LORINSER,DEMOCRAT,145403,388599
2022,MICHIGAN,MI,1,False,False,LIZ HAKOLA,WORKING CLASS,5510,388599
2022,MICHIGAN,MI,1,False,False,ANDREW GALE,LIBERTARIAN,4592,388599
2022,MICHIGAN,MI,2,False,False,JOHN R MOOLENAAR,REPUBLICAN,216222,339521
2022,MICHIGAN,MI,2,False,False,JERRY HILLIARD,DEMOCRAT,116452,339521
2022,MICHIGAN,MI,2,False,False,NATHAN HEWER,LIBERTARIAN,6847,339521
2022,MICHIGAN,MI,3,False,False,JOHN GIBBS,REPUBLICAN,142229,338988
2022,MICHIGAN,MI,3,False,False,HILLARY SCHOLTEN,DEMOCRAT,185989,338988
2022,MICHIGAN,MI,3,False,False,JAMIE LEWIS,LIBERTARIAN,6634,338988
2022,MICHIGAN,MI,3,False,False,LOUIS PALUS,WORKING CLASS,4136,338988
2022,MICHIGAN,MI,4,False,False,BILL HUIZENGA,REPUBLICAN,183936,338348
2022,MICHIGAN,MI,4,False,False,JOSEPH ALFONSO,DEMOCRAT,143690,338348
2022,MICHIGAN,MI,4,False,False,LORENCE WENKE,LIBERTARIAN,8478,338348
2022,MICHIGAN,MI,4,False,False,CURTIS MICHAEL CLARK,U.S. TAXPAYERS,2244,338348
2022,MICHIGAN,MI,5,False,False,TIM WALBERG,REPUBLICAN,198020,317258
2022,MICHIGAN,MI,5,False,False,BART GOLDBERG,DEMOCRAT,110946,317258
2022,MICHIGAN,MI,5,False,False,NORMAN M PETERSON,LIBERTARIAN,5129,317258
2022,MICHIGAN,MI,5,False,False,EZRA SCOTT,U.S. TAXPAYERS,3162,317258
2022,MICHIGAN,MI,6,False,False,WHITTNEY WILLIAMS,REPUBLICAN,125167,366927
2022,MICHIGAN,MI,6,False,False,DEBBIE DINGELL,DEMOCRAT,241759,366927
2022,MICHIGAN,MI,7,False,False,TOM BARRETT,REPUBLICAN,172624,372708
2022,MICHIGAN,MI,7,False,False,ELISSA SLOTKIN,DEMOCRAT,192809,372708
2022,MICHIGAN,MI,7,False,False,LEAH R DAILEY,LIBERTARIAN,7275,372708
2022,MICHIGAN,MI,8,False,False,PAUL JUNGE,REPUBLICAN,143850,335829
2022,MICHIGAN,MI,8,False,False,DANIEL T KILDEE,DEMOCRAT,178322,335829
2022,MICHIGAN,MI,8,False,False,KATHY GOODWIN,WORKING CLASS,9077,335829
2022,MICHIGAN,MI,8,False,False,DAVID CANNY,LIBERTARIAN,4580,335829
2022,MICHIGAN,MI,9,False,False,LISA MCCLAIN,REPUBLICAN,238300,372922
2022,MICHIGAN,MI,9,False,False,BRIAN JAYE,DEMOCRAT,123702,372922
2022,MICHIGAN,MI,9,False,False,JIM WALKOWICZ,WORKING CLASS,6571,372922
2022,MICHIGAN,MI,9,False,False,JAKE KELTS,LIBERTARIAN,4349,372922
2022,MICHIGAN,MI,10,False,False,JOHN JAMES,REPUBLICAN,159202,326237
2022,MICHIGAN,MI,10,False,False,CARL J MARLINGA,DEMOCRAT,157602,326237
2022,MICHIGAN,MI,10,False,False,ANDREA L KIRBY,WORKING CLASS,5905,326237
2022,MICHIGAN,MI,10,False,False,MIKE SALIBA,LIBERTARIAN,3524,326237
2022,MICHIGAN,MI,11,False,False,MARK AMBROSE,REPUBLICAN,141642,366179
2022,MICHIGAN,MI,11,False,False,HALEY M STEVENS,DEMOCRAT,224537,366179
2022,MICHIGAN,MI,12,False,False,STEVEN ELLIOTT,REPUBLICAN,72888,277577
2022,MICHIGAN,MI,12,False,False,RASHIDA TLAIB,DEMOCRAT,196643,277577
2022,MICHIGAN,MI,12,False,False,GARY WALKOWICZ,WORKING CLASS,8046,277577
2022,MICHIGAN,MI,13,False,False,MARTELL D BIVINGS,REPUBLICAN,56187,234444
2022,MICHIGAN,MI,13,False,False,SHRI THANEDAR,DEMOCRAT,166650,234444
2022,MICHIGAN,MI,13,False,False,SIMONE R COLEMAN,WORKING CLASS,8833,234444
2022,MICHIGAN,MI,13,False,False,CHRIS DARDZINSKI,U.S. TAXPAYERS,2769,234444
2022,MINNESOTA,MN,1,False,False,BRAD FINSTAD,REPUBLICAN,159621,296547
2022,MINNESOTA,MN,1,False,False,JEFF ETTINGER,DEMOCRATIC-FARMER-LABOR,125457,296547
2022,MINNESOTA,MN,1,False,False,RICHARD B REISDORF,LEGAL MARIJUANA NOW,6389,296547
2022,MINNESOTA,MN,1,False,False,BRIAN ABRAHAMSON,GRASSROOTS-LEGALIZE CANNABIS,4943,296547
2022,MINNESOTA,MN,2,False,False,TYLER KISTNER,REPUBLICAN,148576,325472
2022,MINNESOTA,MN,2,False,False,ANGIE CRAIG,DEMOCRAT,165583,325472
2022,MINNESOTA,MN,2,False,False,PAULA M OVERBY,LEGAL MARIJUANA NOW,10728,325472
2022,MINNESOTA,MN,3,False,False,TOM WEILER,REPUBLICAN,134797,333921
2022,MINNESOTA,MN,3,False,False,DEAN PHILLIPS,DEMOCRAT,198883,333921
2022,MINNESOTA,MN,4,False,False,MAY LOR XIONG,REPUBLICAN,95493,295973
2022,MINNESOTA,MN,4,False,False,BETTY MCCOLLUM,DEMOCRAT,200055,295973
2022,MINNESOTA,MN,5,False,False,CICELY DAVIS,REPUBLICAN,70702,288206
2022,MINNESOTA,MN,5,False,False,ILHAN OMAR,DEMOCRAT,214224,288206
2022,MINNESOTA,MN,6,False,False,TOM EMMER,REPUBLICAN,198145,319767
2022,MINNESOTA,MN,6,False,False,JEANNE HENDRICKS,DEMOCRATIC-FARMER-LABOR,120852,319767
2022,MINNESOTA,MN,7,False,False,MICHELLE FISCHBACH,REPUBLICAN,204766,305866
2022,MINNESOTA,MN,7,False,False,JILL ABAHSAIN,DEMOCRATIC-FARMER-LABOR,84455,305866
2022,MINNESOTA,MN,7,False,False,TRAVIS “BULL” JOHNSON,LEGAL MARIJUANA NOW,16421,305866
2022,MINNESOTA,MN,8,False,False,PETE STAUBER,REPUBLICAN,188755,330080
2022,MINNESOTA,MN,8,False,False,JEN SCHULTZ,DEMOCRATIC-FARMER-LABOR,141009,330080
2022,NEW JERSEY,NJ,1,False,False,CLAIRE GUSTAFSON,REPUBLICAN,78794,223884
2022,NEW JERSEY,NJ,1,False,False,DONALD NORCROSS,DEMOCRAT,139559,223884
2022,NEW JERSEY,NJ,1,False,False,PATRICIA KLINE,FOR THE PEOPLE,3343,223884
2022,NEW JERSEY,NJ,1,False,False,ISAIAH FLETCHER,LIBERTARIAN,1546,223884
2022,NEW JERSEY,NJ,1,False,False,ALLEN J CANNON,CANNON FIRE,642,223884
2022,NEW JERSEY,NJ,2,False,False,JEFFERSON VAN DREW,REPUBLICAN,139217,236484
2022,NEW JERSEY,NJ,2,False,False,TIM ALEXANDER,DEMOCRAT,94522,236484
2022,NEW JERSEY,NJ,2,False,False,MICHAEL GALLO,LIBERTARIAN,1825,236484
2022,NEW JERSEY,NJ,2,False,False,ANTHONY PARISI SANCHEZ,NOT FOR SALE,920,236484
2022,NEW JERSEY,NJ,3,False,False,BOB HEALEY,REPUBLICAN,118415,271376
2022,NEW JERSEY,NJ,3,False,False,ANDY KIM,DEMOCRAT,150498,271376
2022,NEW JERSEY,NJ,3,False,False,CHRISTOPHER RUSSOMANNO,LIBERTARIAN,1347,271376
2022,NEW JERSEY,NJ,3,False,False,GREGORY M SOBOCINSKI,GOD SAVE AMERICA,1116,271376
2022,NEW JERSEY,NJ,4,False,False,CHRISTOPHER H SMITH,REPUBLICAN,173288,258962
2022,NEW JERSEY,NJ,4,False,False,MATTHEW JENKINS,DEMOCRAT,81233,258962
2022,NEW JERSEY,NJ,4,False,False,JASON CULLEN,LIBERTARIAN,1902,258962
2022,NEW JERSEY,NJ,4,False,False,DAVID SCHMIDT,WE THE PEOPLE,1197,258962
2022,NEW JERSEY,NJ,4,False,False,HANK SCHROEDER,NO SLOGAN FILED,905,258962
2022,NEW JERSEY,NJ,4,False,False,PAM DANIELS,PROGRESS WITH PAM,437,258962
2022,NEW JERSEY,NJ,5,False,False,FRANK T PALLOTTA,REPUBLICAN,117873,265943
2022,NEW JERSEY,NJ,5,False,False,JOSH GOTTHEIMER,DEMOCRAT,145559,265943
2022,NEW JERSEY,NJ,5,False,False,JEREMY MARCUS,LIBERTARIAN,1193,265943
2022,NEW JERSEY,NJ,5,False,False,TREVOR JAMES FERRIGNO,TOGETHER WE STAND,700,265943
2022,NEW JERSEY,NJ,5,False,False,LOUIS VELLUCCI,AMERICAN VALUES,618,265943
2022,NEW JERSEY,NJ,6,False,False,SUSAN M KILEY,REPUBLICAN,75839,184919
2022,NEW JERSEY,NJ,6,False,False,"FRANK PALLONE, JR",DEMOCRAT,106238,184919
2022,NEW JERSEY,NJ,6,False,False,TARA FISHER,LIBERTARIAN,1361,184919
2022,NEW JERSEY,NJ,6,False,False,INDER JIT SONI,NEW JERSEY FIRST,947,184919
2022,NEW JERSEY,NJ,6,False,False,ERIC ANTISELL,MOVE EVERYONE FORWARD,534,184919
2022,NEW JERSEY,NJ,7,False,False,"THOMAS H KEAN, JR",REPUBLICAN,159392,310093
2022,NEW JERSEY,NJ,7,False,False,TOM MALINOWSKI,DEMOCRAT,150701,310093
2022,NEW JERSEY,NJ,8,False,False,MARCOS ARROYO,REPUBLICAN,24957,106473
2022,NEW JERSEY,NJ,8,False,False,ROBERT J MENENDEZ,DEMOCRAT,78382,106473
2022,NEW JERSEY,NJ,8,False,False,JOANNE KUNIANSKY,SOCIALIST WORKERS,1016,106473
2022,NEW JERSEY,NJ,8,False,False,DAN DELANEY,LIBERTARIAN,758,106473
2022,NEW JERSEY,NJ,8,False,False,DAVID W COOK,OTHER,714,106473
2022,NEW JERSEY,NJ,8,False,False,PABLO OLIVERA,LABOUR PARTY,400,106473
2022,NEW JERSEY,NJ,8,False,False,JOHN V SALIERNO,TRUTH AND MERIT,246,106473
2022,NEW JERSEY,NJ,9,False,False,BILLY PREMPEH,REPUBLICAN,65365,149984
2022,NEW JERSEY,NJ,9,False,False,"BILL PASCRELL, JR",DEMOCRAT,82457,149984
2022,NEW JERSEY,NJ,9,False,False,LEA SHERMAN,SOCIALIST WORKERS,1108,149984
2022,NEW JERSEY,NJ,9,False,False,SEAN ARMSTRONG,LIBERTARIAN,1054,149984
2022,NEW JERSEY,NJ,10,False,False,DAVID H PINCKNEY,REPUBLICAN,25993,129707
2022,NEW JERSEY,NJ,10,False,False,"DONALD M PAYNE, JR",DEMOCRAT,100710,129707
2022,NEW JERSEY,NJ,10,False,False,CYNTHIA A JOHNSON,JOBS AND JUSTICE,1989,129707
2022,NEW JERSEY,NJ,10,False,False,KENDAL LUDDEN,LIBERTARIAN,634,129707
2022,NEW JERSEY,NJ,10,False,False,"CLENARD HOWARD CHILDRESS, JR",THE MAHALI PARTY,381,129707
2022,NEW JERSEY,NJ,11,False,False,PAUL DEGROOT,REPUBLICAN,109952,273664
2022,NEW JERSEY,NJ,11,False,False,MIKIE SHERRILL,DEMOCRAT,161436,273664
2022,NEW JERSEY,NJ,11,False,False,JOSEPH BIASCO,LIBERTARIAN,2276,273664
2022,NEW JERSEY,NJ,12,False,False,DARIUS MAYFIELD,REPUBLICAN,71175,198227
2022,NEW JERSEY,NJ,12,False,False,BONNIE WATSON COLEMAN,DEMOCRAT,125127,198227
2022,NEW JERSEY,NJ,12,False,False,C LYNN GENRICH,LIBERTARIAN,1925,198227
2022,NEW YORK,NY,1,False,False,NICHOLAS J LALOTA,REPUBLICAN,154046,327052
2022,NEW YORK,NY,1,False,False,NICHOLAS J LALOTA,CONSERVATIVE,22994,327052
2022,NEW YORK,NY,1,False,False,BRIDGET FLEMING,DEMOCRAT,135170,327052
2022,NEW YORK,NY,1,False,False,BRIDGET FLEMING,WORKING FAMILIES,6737,327052
2022,NEW YORK,NY,1,False,False,BLANK,,7991,327052
2022,NEW YORK,NY,1,False,False,VOID,,66,327052
2022,NEW YORK,NY,1,False,False,SCATTERING,,48,327052
2022,NEW YORK,NY,2,False,False,ANDREW R GARBARINO,REPUBLICAN,130798,256117
2022,NEW YORK,NY,2,False,False,ANDREW R GARBARINO,CONSERVATIVE,20380,256117
2022,NEW YORK,NY,2,False,False,JACKIE GORDON,DEMOCRAT,93299,256117
2022,NEW YORK,NY,2,False,False,JACKIE GORDON,WORKING FAMILIES,4475,256117
2022,NEW YORK,NY,2,False,False,BLANK,,6979,256117
2022,NEW YORK,NY,2,False,False,VOID,,106,256117
2022,NEW YORK,NY,2,False,False,SCATTERING,,80,256117
2022,NEW YORK,NY,3,False,False,GEORGE A D SANTOS,REPUBLICAN,133859,279772
2022,NEW YORK,NY,3,False,False,GEORGE A D SANTOS,CONSERVATIVE,11965,279772
2022,NEW YORK,NY,3,False,False,ROBERT P ZIMMERMAN,DEMOCRAT,120045,279772
2022,NEW YORK,NY,3,False,False,ROBERT P ZIMMERMAN,WORKING FAMILIES,5359,279772
2022,NEW YORK,NY,3,False,False,BLANK,,8340,279772
2022,NEW YORK,NY,3,False,False,SCATTERING,,103,279772
2022,NEW YORK,NY,3,False,False,VOID,,101,279772
2022,NEW YORK,NY,4,False,False,ANTHONY P D’ESPOSITO,REPUBLICAN,129353,278548
2022,NEW YORK,NY,4,False,False,ANTHONY P D’ESPOSITO,CONSERVATIVE,11269,278548
2022,NEW YORK,NY,4,False,False,LAURA A GILLEN,DEMOCRAT,130871,278548
2022,NEW YORK,NY,4,False,False,BLANK,,6904,278548
2022,NEW YORK,NY,4,False,False,VOID,,84,278548
2022,NEW YORK,NY,4,False,False,SCATTERING,,67,278548
2022,NEW YORK,NY,5,False,False,PAUL KING,REPUBLICAN,31405,144316
2022,NEW YORK,NY,5,False,False,PAUL KING,CONSERVATIVE,3002,144316
2022,NEW YORK,NY,5,False,False,GREGORY W MEEKS,DEMOCRAT,104396,144316
2022,NEW YORK,NY,5,False,False,BLANK,,5329,144316
2022,NEW YORK,NY,5,False,False,SCATTERING,,184,144316
2022,NEW YORK,NY,6,False,False,THOMAS J ZMICH,REPUBLICAN,44264,137692
2022,NEW YORK,NY,6,False,False,THOMAS J ZMICH,CONSERVATIVE,3240,137692
2022,NEW YORK,NY,6,False,False,THOMAS J ZMICH,MEDICAL FREEDOM,431,137692
2022,NEW YORK,NY,6,False,False,GRACE MENG,DEMOCRAT,85049,137692
2022,NEW YORK,NY,6,False,False,BLANK,,4578,137692
2022,NEW YORK,NY,6,False,False,SCATTERING,,130,137692
2022,NEW YORK,NY,7,False,False,JUAN PAGAN,REPUBLICAN,26351,153557
2022,NEW YORK,NY,7,False,False,JUAN PAGAN,CONSERVATIVE,2246,153557
2022,NEW YORK,NY,7,False,False,NYDIA M VELÁZQUEZ,DEMOCRAT,95645,153557
2022,NEW YORK,NY,7,False,False,NYDIA M VELÁZQUEZ,WORKING FAMILIES,23828,153557
2022,NEW YORK,NY,7,False,False,BLANK,,5253,153557
2022,NEW YORK,NY,7,False,False,SCATTERING,,234,153557
2022,NEW YORK,NY,8,False,False,YURI DASHEVSKY,REPUBLICAN,36776,144476
2022,NEW YORK,NY,8,False,False,YURI DASHEVSKY,CONSERVATIVE,2284,144476
2022,NEW YORK,NY,8,False,False,HAKEEM S JEFFRIES,DEMOCRAT,99079,144476
2022,NEW YORK,NY,8,False,False,BLANK,,6146,144476
2022,NEW YORK,NY,8,False,False,SCATTERING,,191,144476
2022,NEW YORK,NY,9,False,False,YVETTE D CLARKE,DEMOCRAT,99771,167533
2022,NEW YORK,NY,9,False,False,YVETTE D CLARKE,WORKING FAMILIES,17199,167533
2022,NEW YORK,NY,9,False,False,MENACHEM M RAITPORT,CONSERVATIVE,26521,167533
2022,NEW YORK,NY,9,False,False,BLANK,,23680,167533
2022,NEW YORK,NY,9,False,False,SCATTERING,,362,167533
2022,NEW YORK,NY,10,False,False,BENINE A HAMDAN,REPUBLICAN,26711,202131
2022,NEW YORK,NY,10,False,False,BENINE A HAMDAN,CONSERVATIVE,2347,202131
2022,NEW YORK,NY,10,False,False,DANIEL GOLDMAN,DEMOCRAT,160582,202131
2022,NEW YORK,NY,10,False,False,STEVE F SPEER,MEDICAL FREEDOM,1447,202131
2022,NEW YORK,NY,10,False,False,BLANK,,9784,202131
2022,NEW YORK,NY,10,False,False,SCATTERING,,1260,202131
2022,NEW YORK,NY,11,False,False,NICOLE MALLIOTAKIS,REPUBLICAN,107989,191083
2022,NEW YORK,NY,11,False,False,NICOLE MALLIOTAKIS,CONSERVATIVE,8003,191083
2022,NEW YORK,NY,11,False,False,MAX N ROSE,DEMOCRAT,71801,191083
2022,NEW YORK,NY,11,False,False,BLANK,,2984,191083
2022,NEW YORK,NY,11,False,False,SCATTERING,,306,191083
2022,NEW YORK,NY,12,False,False,MICHAEL K ZUMBLUSKAS,REPUBLICAN,40994,251078
2022,NEW YORK,NY,12,False,False,MICHAEL K ZUMBLUSKAS,CONSERVATIVE,2715,251078
2022,NEW YORK,NY,12,False,False,MICHAEL K ZUMBLUSKAS,PARENT,464,251078
2022,NEW YORK,NY,12,False,False,JERROLD NADLER,DEMOCRAT,184872,251078
2022,NEW YORK,NY,12,False,False,JERROLD NADLER,WORKING FAMILIES,16018,251078
2022,NEW YORK,NY,12,False,False,MIKHAIL ITKIS,ITKIS CAMPAIGN,631,251078
2022,NEW YORK,NY,12,False,False,BLANK,,4973,251078
2022,NEW YORK,NY,12,False,False,SCATTERING,,411,251078
2022,NEW YORK,NY,13,False,False,ADRIANO ESPAILLAT,DEMOCRAT,116589,142795
2022,NEW YORK,NY,13,False,False,BLANK,,24949,142795
2022,NEW YORK,NY,13,False,False,SCATTERING,,1257,142795
2022,NEW YORK,NY,14,False,False,TINA FORTE,REPUBLICAN,31935,122582
2022,NEW YORK,NY,14,False,False,ALEXANDRIA OCASIO-CORTEZ,DEMOCRAT,74050,122582
2022,NEW YORK,NY,14,False,False,ALEXANDRIA OCASIO-CORTEZ,WORKING FAMILIES,8403,122582
2022,NEW YORK,NY,14,False,False,DESI CUELLAR,CONSERVATIVE,2208,122582
2022,NEW YORK,NY,14,False,False,BLANK,,5792,122582
2022,NEW YORK,NY,14,False,False,SCATTERING,,194,122582
2022,NEW YORK,NY,15,False,False,STYLO A SAPASKIS,REPUBLICAN,15882,101732
2022,NEW YORK,NY,15,False,False,RITCHIE TORRES,DEMOCRAT,76406,101732
2022,NEW YORK,NY,15,False,False,BLANK,,9342,101732
2022,NEW YORK,NY,15,False,False,SCATTERING,,102,101732
2022,NEW YORK,NY,16,False,False,MIRIAM L FLISSER,REPUBLICAN,74156,221597
2022,NEW YORK,NY,16,False,False,JAMAAL BOWMAN,DEMOCRAT,127024,221597
2022,NEW YORK,NY,16,False,False,JAMAAL BOWMAN,WORKING FAMILIES,6543,221597
2022,NEW YORK,NY,16,False,False,BLANK,,13669,221597
2022,NEW YORK,NY,16,False,False,SCATTERING,,205,221597
2022,NEW YORK,NY,17,False,False,MICHAEL V LAWLER,REPUBLICAN,125738,291308
2022,NEW YORK,NY,17,False,False,MICHAEL V LAWLER,CONSERVATIVE,17812,291308
2022,NEW YORK,NY,17,False,False,SEAN PATRICK MALONEY,DEMOCRAT,133457,291308
2022,NEW YORK,NY,17,False,False,SEAN PATRICK MALONEY,WORKING FAMILIES,8273,291308
2022,NEW YORK,NY,17,False,False,BLANK,,5826,291308
2022,NEW YORK,NY,17,False,False,SCATTERING,,150,291308
2022,NEW YORK,NY,17,False,False,VOID,,52,291308
2022,NEW YORK,NY,18,False,False,COLIN J SCHMITT,REPUBLICAN,116972,272617
2022,NEW YORK,NY,18,False,False,COLIN J SCHMITT,CONSERVATIVE,14681,272617
2022,NEW YORK,NY,18,False,False,PATRICK RYAN,DEMOCRAT,123168,272617
2022,NEW YORK,NY,18,False,False,PATRICK RYAN,WORKING FAMILIES,12077,272617
2022,NEW YORK,NY,18,False,False,BLANK,,5482,272617
2022,NEW YORK,NY,18,False,False,SCATTERING,,155,272617
2022,NEW YORK,NY,18,False,False,VOID,,82,272617
2022,NEW YORK,NY,19,False,False,MARCUS MOLINARO,REPUBLICAN,129960,292577
2022,NEW YORK,NY,19,False,False,MARCUS MOLINARO,CONSERVATIVE,16044,292577
2022,NEW YORK,NY,19,False,False,JOSH RILEY,DEMOCRAT,124396,292577
2022,NEW YORK,NY,19,False,False,JOSH RILEY,WORKING FAMILIES,17113,292577
2022,NEW YORK,NY,19,False,False,BLANK,,4894,292577
2022,NEW YORK,NY,19,False,False,SCATTERING,,105,292577
2022,NEW YORK,NY,19,False,False,VOID,,65,292577
2022,NEW YORK,NY,20,False,False,ELIZABETH L JOY,REPUBLICAN,110903,295722
2022,NEW YORK,NY,20,False,False,ELIZABETH L JOY,CONSERVATIVE,19966,295722
2022,NEW YORK,NY,20,False,False,PAUL TONKO,DEMOCRAT,145928,295722
2022,NEW YORK,NY,20,False,False,PAUL TONKO,WORKING FAMILIES,14492,295722
2022,NEW YORK,NY,20,False,False,BLANK,,4184,295722
2022,NEW YORK,NY,20,False,False,SCATTERING,,144,295722
2022,NEW YORK,NY,20,False,False,VOID,,105,295722
2022,NEW YORK,NY,21,False,False,ELISE M STEFANIK,REPUBLICAN,150595,289617
2022,NEW YORK,NY,21,False,False,ELISE M STEFANIK,CONSERVATIVE,17984,289617
2022,NEW YORK,NY,21,False,False,MATT CASTELLI,DEMOCRAT,112645,289617
2022,NEW YORK,NY,21,False,False,MODERATE,,3776,289617
2022,NEW YORK,NY,21,False,False,BLANK,,4471,289617
2022,NEW YORK,NY,21,False,False,SCATTERING,,95,289617
2022,NEW YORK,NY,21,False,False,VOID,,51,289617
2022,NEW YORK,NY,22,False,False,BRANDON M WILLIAMS,REPUBLICAN,116529,273981
2022,NEW YORK,NY,22,False,False,BRANDON M WILLIAMS,CONSERVATIVE,19015,273981
2022,NEW YORK,NY,22,False,False,FRANCIS CONOLE,DEMOCRAT,132913,273981
2022,NEW YORK,NY,22,False,False,BLANK,,5315,273981
2022,NEW YORK,NY,22,False,False,SCATTERING,,151,273981
2022,NEW YORK,NY,22,False,False,VOID,,58,273981
2022,NEW YORK,NY,23,False,False,NICK LANGWORTHY,REPUBLICAN,163000,306126
2022,NEW YORK,NY,23,False,False,NICK LANGWORTHY,CONSERVATIVE,29694,306126
2022,NEW YORK,NY,23,False,False,MAX H DELLA PIA,DEMOCRAT,104114,306126
2022,NEW YORK,NY,23,False,False,BLANK,,9013,306126
2022,NEW YORK,NY,23,False,False,SCATTERING,,233,306126
2022,NEW YORK,NY,23,False,False,VOID,,72,306126
2022,NEW YORK,NY,24,False,False,CLAUDIA TENNEY,REPUBLICAN,156347,285525
2022,NEW YORK,NY,24,False,False,CLAUDIA TENNEY,CONSERVATIVE,25707,285525
2022,NEW YORK,NY,24,False,False,STEVEN HOLDEN,DEMOCRAT,95028,285525
2022,NEW YORK,NY,24,False,False,BLANK,,8215,285525
2022,NEW YORK,NY,24,False,False,SCATTERING,,171,285525
2022,NEW YORK,NY,24,False,False,VOID,,57,285525
2022,NEW YORK,NY,25,False,False,LA’RON D SINGLETARY,REPUBLICAN,108010,284990
2022,NEW YORK,NY,25,False,False,LA’RON D SINGLETARY,CONSERVATIVE,22180,284990
2022,NEW YORK,NY,25,False,False,JOSEPH D MORELLE,DEMOCRAT,139875,284990
2022,NEW YORK,NY,25,False,False,JOSEPH D MORELLE,WORKING FAMILIES,12147,284990
2022,NEW YORK,NY,25,False,False,BLANK,,2577,284990
2022,NEW YORK,NY,25,False,False,SCATTERING,,132,284990
2022,NEW YORK,NY,25,False,False,VOID,,69,284990
2022,NEW YORK,NY,26,False,False,STEVEN L SAMS II,REPUBLICAN,70547,251300
2022,NEW YORK,NY,26,False,False,STEVEN L SAMS II,CONSERVATIVE,17792,251300
2022,NEW YORK,NY,26,False,False,BRIAN HIGGINS,DEMOCRAT,141942,251300
2022,NEW YORK,NY,26,False,False,BRIAN HIGGINS,WORKING FAMILIES,14941,251300
2022,NEW YORK,NY,26,False,False,BLANK,,5833,251300
2022,NEW YORK,NY,26,False,False,SCATTERING,,149,251300
2022,NEW YORK,NY,26,False,False,VOID,,96,251300
2022,NORTH CAROLINA,NC,1,False,False,SANDY SMITH,REPUBLICAN,122780,257776
2022,NORTH CAROLINA,NC,1,False,False,DON DAVIS,DEMOCRAT,134996,257776
2022,NORTH CAROLINA,NC,2,False,False,CHRISTINE E VILLAVERDE,REPUBLICAN,104155,294869
2022,NORTH CAROLINA,NC,2,False,False,DEBORAH K ROSS,DEMOCRAT,190714,294869
2022,NORTH CAROLINA,NC,3,False,False,GREGORY F MURPHY,REPUBLICAN,166520,248898
2022,NORTH CAROLINA,NC,3,False,False,BARBARA D GASKINS,DEMOCRAT,82378,248898
2022,NORTH CAROLINA,NC,4,False,False,COURTNEY GEELS,REPUBLICAN,96442,291425
2022,NORTH CAROLINA,NC,4,False,False,VALERIE P FOUSHEE,DEMOCRAT,194983,291425
2022,NORTH CAROLINA,NC,5,False,False,VIRGINIA FOXX,REPUBLICAN,175279,277548
2022,NORTH CAROLINA,NC,5,False,False,KYLE PARRISH,DEMOCRAT,102269,277548
2022,NORTH CAROLINA,NC,6,False,False,CHRISTIAN CASTELLI,REPUBLICAN,116635,258998
2022,NORTH CAROLINA,NC,6,False,False,KATHY E MANNING,DEMOCRAT,139553,258998
2022,NORTH CAROLINA,NC,6,False,False,THOMAS WATERCOTT,LIBERTARIAN,2810,258998
2022,NORTH CAROLINA,NC,7,False,False,DAVID ROUZER,REPUBLICAN,164047,284269
2022,NORTH CAROLINA,NC,7,False,False,CHARLES GRAHAM,DEMOCRAT,120222,284269
2022,NORTH CAROLINA,NC,8,False,False,DAN BISHOP,REPUBLICAN,183998,263190
2022,NORTH CAROLINA,NC,8,False,False,SCOTT HUFFMAN,DEMOCRAT,79192,263190
2022,NORTH CAROLINA,NC,9,False,False,RICHARD HUDSON,REPUBLICAN,131453,232655
2022,NORTH CAROLINA,NC,9,False,False,BEN CLARK,DEMOCRAT,101202,232655
2022,NORTH CAROLINA,NC,10,False,False,PATRICK T MCHENRY,REPUBLICAN,194681,268207
2022,NORTH CAROLINA,NC,10,False,False,PAM GENANT,DEMOCRAT,73174,268207
2022,NORTH CAROLINA,NC,11,False,False,CHUCK EDWARDS,REPUBLICAN,174232,323912
2022,NORTH CAROLINA,NC,11,False,False,JASMINE BEACH-FERRARA,DEMOCRAT,144165,323912
2022,NORTH CAROLINA,NC,11,False,False,DAVID ADAM COATNEY,LIBERTARIAN,5515,323912
2022,NORTH CAROLINA,NC,12,False,False,TYLER LEE,REPUBLICAN,83414,223908
2022,NORTH CAROLINA,NC,12,False,False,ALMA S ADAMS,DEMOCRAT,140494,223908
2022,NORTH CAROLINA,NC,13,False,False,BO HINES,REPUBLICAN,134256,277346
2022,NORTH CAROLINA,NC,13,False,False,WILEY NICKEL,DEMOCRAT,143090,277346
2022,NORTH CAROLINA,NC,14,False,False,PAT HARRIGAN,REPUBLICAN,109014,257752
2022,NORTH CAROLINA,NC,14,False,False,JEFF JACKSON,DEMOCRAT,148738,257752
2022,PENNSYLVANIA,PA,1,False,False,BRIAN K FITZPATRICK,REPUBLICAN,201571,367380
2022,PENNSYLVANIA,PA,1,False,False,ASHLEY EHASZ,DEMOCRAT,165809,367380
2022,PENNSYLVANIA,PA,2,False,False,AARON BASHIR,REPUBLICAN,45454,186683
2022,PENNSYLVANIA,PA,2,False,False,BRENDAN F BOYLE,DEMOCRAT,141229,186683
2022,PENNSYLVANIA,PA,3,False,False,DWIGHT EVANS,DEMOCRAT,251115,263935
2022,PENNSYLVANIA,PA,3,False,False,CHRISTOPHER HOEPPNER,SOCIALIST WORKERS,12820,263935
2022,PENNSYLVANIA,PA,4,False,False,CHRISTIAN NASCIMENTO,REPUBLICAN,141986,366785
2022,PENNSYLVANIA,PA,4,False,False,MADELEINE DEAN,DEMOCRAT,224799,366785
2022,PENNSYLVANIA,PA,5,False,False,DAVID GALLUCH,REPUBLICAN,110058,315186
2022,PENNSYLVANIA,PA,5,False,False,MARY GAY SCANLON,DEMOCRAT,205128,315186
2022,PENNSYLVANIA,PA,6,False,False,GUY CIARROCCHI,REPUBLICAN,136097,326483
2022,PENNSYLVANIA,PA,6,False,False,CHRISSY HOULAHAN,DEMOCRAT,190386,326483
2022,PENNSYLVANIA,PA,7,False,False,LISA SCHELLER,REPUBLICAN,145527,296891
2022,PENNSYLVANIA,PA,7,False,False,SUSAN WILD,DEMOCRAT,151364,296891
2022,PENNSYLVANIA,PA,8,False,False,JIM BOGNET,REPUBLICAN,139930,286886
2022,PENNSYLVANIA,PA,8,False,False,MATT CARTWRIGHT,DEMOCRAT,146956,286886
2022,PENNSYLVANIA,PA,9,False,False,DANIEL MEUSER,REPUBLICAN,209185,301807
2022,PENNSYLVANIA,PA,9,False,False,AMANDA R WALDMAN,DEMOCRAT,92622,301807
2022,PENNSYLVANIA,PA,10,False,False,SCOTT PERRY,REPUBLICAN,169331,314546
2022,PENNSYLVANIA,PA,10,False,False,SHAMAINE DANIELS,DEMOCRAT,145215,314546
2022,PENNSYLVANIA,PA,11,False,False,LLOYD SMUCKER,REPUBLICAN,194991,316826
2022,PENNSYLVANIA,PA,11,False,False,BOB HOLLISTER,DEMOCRAT,121835,316826
2022,PENNSYLVANIA,PA,12,False,False,MIKE DOYLE,REPUBLICAN,143946,328620
2022,PENNSYLVANIA,PA,12,False,False,SUMMER LEE,DEMOCRAT,184674,328620
2022,PENNSYLVANIA,PA,13,False,False,JOHN JOYCE,REPUBLICAN,260345,260345
2022,PENNSYLVANIA,PA,14,False,False,GUY RESCHENTHALER,REPUBLICAN,230865,230865
2022,PENNSYLVANIA,PA,15,False,False,GLENN THOMPSON,REPUBLICAN,213417,305146
2022,PENNSYLVANIA,PA,15,False,False,MIKE MOLESEVICH,DEMOCRAT,91729,305146
2022,PENNSYLVANIA,PA,16,False,False,MIKE KELLY,REPUBLICAN,190546,320989
2022,PENNSYLVANIA,PA,16,False,False,DAN PASTORE,DEMOCRAT,130443,320989
2022,PENNSYLVANIA,PA,17,False,False,JEREMY SHAFFER,REPUBLICAN,169013,362628
2022,PENNSYLVANIA,PA,17,False,False,CHRIS DELUZIO,DEMOCRAT,193615,362628
2022,TENNESSEE,TN,1,False,False,DIANA HARSHBARGER,REPUBLICAN,147241,188003
2022,TENNESSEE,TN,1,False,False,CAMERON PARSONS,DEMOCRAT,37049,188003
2022,TENNESSEE,TN,1,False,False,RICHARD G BAKER,INDEPENDENT,2466,188003
2022,TENNESSEE,TN,1,False,False,MATT MAKROM,INDEPENDENT,1247,188003
2022,TENNESSEE,TN,2,False,False,TIM BURCHETT,REPUBLICAN,141089,207762
2022,TENNESSEE,TN,2,False,False,MARK HARMON,DEMOCRAT,66673,207762
2022,TENNESSEE,TN,3,False,False,CHARLES J “CHUCK” FLEISCHMANN,REPUBLICAN,136639,199830
2022,TENNESSEE,TN,3,False,False,MEG GORMAN,DEMOCRAT,60334,199830
2022,TENNESSEE,TN,3,False,False,RICK TYLER,INDEPENDENT,1736,199830
2022,TENNESSEE,TN,3,False,False,THOMAS M RUMBA,INDEPENDENT,1121,199830
2022,TENNESSEE,TN,4,False,False,SCOTT DESJARLAIS,REPUBLICAN,122401,173437
2022,TENNESSEE,TN,4,False,False,WAYNE STEELE,DEMOCRAT,44648,173437
2022,TENNESSEE,TN,4,False,False,MIKE WINTON,INDEPENDENT,2834,173437
2022,TENNESSEE,TN,4,False,False,CLYDE BENSON,INDEPENDENT,1806,173437
2022,TENNESSEE,TN,4,False,False,DAVID LEIGHTON JONES,INDEPENDENT,708,173437
2022,TENNESSEE,TN,4,False,False,THARON CHANDLER,INDEPENDENT,585,173437
2022,TENNESSEE,TN,4,False,False,JOSEPH “KRISHNADAS” MAGYER,INDEPENDENT,455,173437
2022,TENNESSEE,TN,5,False,False,ANDY OGLES,REPUBLICAN,123558,221275
2022,TENNESSEE,TN,5,False,False,HEIDI CAMPBELL,DEMOCRAT,93648,221275
2022,TENNESSEE,TN,5,False,False,DERRICK BRANTLEY,INDEPENDENT,2090,221275
2022,TENNESSEE,TN,5,False,False,DANIEL COOPER,INDEPENDENT,1132,221275
2022,TENNESSEE,TN,5,False,False,RICK SHANNON,INDEPENDENT,847,221275
2022,TENNESSEE,TN,6,False,False,JOHN W ROSE,REPUBLICAN,129388,195063
2022,TENNESSEE,TN,6,False,False,RANDAL COOPER,DEMOCRAT,65675,195063
2022,TENNESSEE,TN,7,False,False,MARK E GREEN,REPUBLICAN,108421,180822
2022,TENNESSEE,TN,7,False,False,ODESSA KELLY,DEMOCRAT,68973,180822
2022,TENNESSEE,TN,7,False,False,STEVEN J HOOPER,INDEPENDENT,3428,180822
2022,TENNESSEE,TN,8,False,False,DAVID KUSTOFF,REPUBLICAN,155602,210315
2022,TENNESSEE,TN,8,False,False,LYNNETTE P WILLIAMS,DEMOCRAT,51102,210315
2022,TENNESSEE,TN,8,False,False,JAMES HART,INDEPENDENT,2541,210315
2022,TENNESSEE,TN,8,False,False,RONNIE HENLEY,INDEPENDENT,1070,210315
2022,TENNESSEE,TN,9,False,False,CHARLOTTE BERGMANN,REPUBLICAN,35123,133918
2022,TENNESSEE,TN,9,False,False,STEVE COHEN,DEMOCRAT,93800,133918
2022,TENNESSEE,TN,9,False,False,GEORGE FLINN,INDEPENDENT,3349,133918
2022,TENNESSEE,TN,9,False,False,DENNIS CLARK,INDEPENDENT,1160,133918
2022,TENNESSEE,TN,9,False,False,PAUL COOK,INDEPENDENT,485,133918
2022,TEXAS,TX,1,False,False,NATHANIEL MORAN,REPUBLICAN,183224,234662
2022,TEXAS,TX,1,False,False,JRMAR “JJ” JEFFERSON,DEMOCRAT,51438,234662
2022,TEXAS,TX,2,False,False,DAN CRENSHAW,REPUBLICAN,151791,230287
2022,TEXAS,TX,2,False,False,ROBIN FULFORD,DEMOCRAT,78496,230287
2022,TEXAS,TX,3,False,False,KEITH SELF,REPUBLICAN,164240,271256
2022,TEXAS,TX,3,False,False,SANDEEP SRIVASTAVA,DEMOCRAT,100121,271256
2022,TEXAS,TX,3,False,False,CHRISTOPHER CLAYTOR,LIBERTARIAN,6895,271256
2022,TEXAS,TX,4,False,False,PAT FALLON,REPUBLICAN,170781,256009
2022,TEXAS,TX,4,False,False,IRO OMERE,DEMOCRAT,79179,256009
2022,TEXAS,TX,4,False,False,JOHN SIMMONS,LIBERTARIAN,6049,256009
2022,TEXAS,TX,5,False,False,LANCE GOODEN,REPUBLICAN,135595,211965
2022,TEXAS,TX,5,False,False,TARTISHA HILL,DEMOCRAT,71930,211965
2022,TEXAS,TX,5,False,False,KEVIN A HALE,LIBERTARIAN,4293,211965
2022,TEXAS,TX,6,False,False,JAKE ELLZEY,REPUBLICAN,149321,149321
2022,TEXAS,TX,7,False,False,JOHNNY TEAGUE,REPUBLICAN,65835,181829
2022,TEXAS,TX,7,False,False,LIZZIE FLETCHER,DEMOCRAT,115994,181829
2022,TEXAS,TX,8,False,False,MORGAN LUTTRELL,REPUBLICAN,153127,224968
2022,TEXAS,TX,8,False,False,LAURA JONES,DEMOCRAT,68715,224968
2022,TEXAS,TX,8,False,False,ROY ERIKSEN,LIBERTARIAN,3126,224968
2022,TEXAS,TX,9,False,False,JIMMY I LEON,REPUBLICAN,38161,163607
2022,TEXAS,TX,9,False,False,AL GREEN,DEMOCRAT,125446,163607
2022,TEXAS,TX,10,False,False,MICHAEL T MCCAUL,REPUBLICAN,159469,251937
2022,TEXAS,TX,10,False,False,LINDA NUNO,DEMOCRAT,86404,251937
2022,TEXAS,TX,10,False,False,BILL KELSEY,LIBERTARIAN,6064,251937
2022,TEXAS,TX,11,False,False,AUGUST PFLUGER,REPUBLICAN,151066,151066
2022,TEXAS,TX,12,False,False,KAY GRANGER,REPUBLICAN,152953,237979
2022,TEXAS,TX,12,False,False,TREY J HUNT,DEMOCRAT,85026,237979
2022,TEXAS,TX,13,False,False,RONNY JACKSON,REPUBLICAN,161767,214677
2022,TEXAS,TX,13,False,False,KATHLEEN BROWN,DEMOCRAT,52910,214677
2022,TEXAS,TX,14,False,False,"RANDY K WEBER, SR",REPUBLICAN,149543,213149
2022,TEXAS,TX,14,False,False,MIKAL WILLIAMS,DEMOCRAT,63606,213149
2022,TEXAS,TX,15,False,False,MONICA DE LA CRUZ,REPUBLICAN,80978,151889
2022,TEXAS,TX,15,False,False,MICHELLE VALLEJO,DEMOCRAT,68097,151889
2022,TEXAS,TX,15,False,False,"ROSS LYNN LEONE, JR",LIBERTARIAN,2814,151889
2022,TEXAS,TX,16,False,False,IRENE ARMENDARIZ JACKSON,REPUBLICAN,54986,150496
2022,TEXAS,TX,16,False,False,VERONICA ESCOBAR,DEMOCRAT,95510,150496
2022,TEXAS,TX,17,False,False,PETE SESSIONS,REPUBLICAN,144408,217209
2022,TEXAS,TX,17,False,False,MARY JO WOODS,DEMOCRAT,72801,217209
2022,TEXAS,TX,18,False,False,CARMEN MARIA MONTIEL,REPUBLICAN,40941,156268
2022,TEXAS,TX,18,False,False,SHEILA JACKSON LEE,DEMOCRAT,110511,156268
2022,TEXAS,TX,18,False,False,VINCE DUNCAN,INDEPENDENT,2766,156268
2022,TEXAS,TX,18,False,False,PHIL KURTZ,LIBERTARIAN,2050,156268
2022,TEXAS,TX,19,False,False,JODEY C ARRINGTON,REPUBLICAN,152321,189681
2022,TEXAS,TX,19,False,False,NATHAN LEWIS,INDEPENDENT,37360,189681
2022,TEXAS,TX,20,False,False,KYLE SINCLAIR,REPUBLICAN,53226,168599
2022,TEXAS,TX,20,False,False,JOAQUIN CASTRO,DEMOCRAT,115352,168599
2022,TEXAS,TX,21,False,False,CHIP ROY,REPUBLICAN,207426,330081
2022,TEXAS,TX,21,False,False,CLAUDIA ANDREANA ZAPATA,DEMOCRAT,122655,330081
2022,TEXAS,TX,22,False,False,TROY E NEHLS,REPUBLICAN,150014,241215
2022,TEXAS,TX,22,False,False,JAMIE KAYE JORDAN,DEMOCRAT,85653,241215
2022,TEXAS,TX,22,False,False,JOSEPH LEBLANC,LIBERTARIAN,5378,241215
2022,TEXAS,TX,23,False,False,TONY GONZALES,REPUBLICAN,116649,208776
2022,TEXAS,TX,23,False,False,JOHN LIRA,DEMOCRAT,80947,208776
2022,TEXAS,TX,23,False,False,"FRANK LOPEZ, JR",INDEPENDENT,11180,208776
2022,TEXAS,TX,24,False,False,BETH VAN DUYNE,REPUBLICAN,177947,297825
2022,TEXAS,TX,24,False,False,JAN MCDOWELL,DEMOCRAT,119878,297825
2022,TEXAS,TX,25,False,False,ROGER WILLIAMS,REPUBLICAN,185270,185270
2022,TEXAS,TX,26,False,False,MICHAEL C BURGESS,REPUBLICAN,183639,265023
2022,TEXAS,TX,26,False,False,MIKE KOLLS,LIBERTARIAN,81384,265023
2022,TEXAS,TX,27,False,False,MICHAEL CLOUD,REPUBLICAN,133416,207027
2022,TEXAS,TX,27,False,False,"MACLOVIO PEREZ, JR",DEMOCRAT,73611,207027
2022,TEXAS,TX,28,False,False,CASSY GARCIA,REPUBLICAN,71778,165581
2022,TEXAS,TX,28,False,False,HENRY CUELLAR,DEMOCRAT,93803,165581
2022,TEXAS,TX,29,False,False,ROBERT SCHAFRANEK,REPUBLICAN,28765,100602
2022,TEXAS,TX,29,False,False,SYLVIA R GARCIA,DEMOCRAT,71837,100602
2022,TEXAS,TX,30,False,False,JAMES RODGERS,REPUBLICAN,39209,180513
2022,TEXAS,TX,30,False,False,JASMINE CROCKETT,DEMOCRAT,134876,180513
2022,TEXAS,TX,30,False,False,ZACHARIAH MANNING,INDEPENDENT,3820,180513
2022,TEXAS,TX,30,False,False,PHIL GRAY,LIBERTARIAN,1870,180513
2022,TEXAS,TX,31,False,False,JOHN R CARTER,REPUBLICAN,183185,183185
2022,TEXAS,TX,32,False,False,ANTONIO SWAD,REPUBLICAN,61494,177499
2022,TEXAS,TX,32,False,False,COLIN Z ALLRED,DEMOCRAT,116005,177499
2022,TEXAS,TX,33,False,False,PATRICK DAVID GILLESPIE,REPUBLICAN,29203,114030
2022,TEXAS,TX,33,False,False,MARC A VEASEY,DEMOCRAT,82081,114030
2022,TEXAS,TX,33,False,False,KEN ASHBY,LIBERTARIAN,2746,114030
2022,TEXAS,TX,34,False,False,MAYRA FLORES,REPUBLICAN,59464,134439
2022,TEXAS,TX,34,False,False,VICENTE GONZALEZ,DEMOCRAT,70896,134439
2022,TEXAS,TX,34,False,False,CHRIS ROYAL,INDEPENDENT,4079,134439
2022,TEXAS,TX,35,False,False,DAN MCQUEEN,REPUBLICAN,48969,178568
2022,TEXAS,TX,35,False,False,GREG CASAR,DEMOCRAT,129599,178568
2022,TEXAS,TX,36,False,False,BRIAN BABIN,REPUBLICAN,145599,209615
2022,TEXAS,TX,36,False,False,JON HAIRE,DEMOCRAT,64016,209615
2022,TEXAS,TX,37,False,False,JENNY GARCIA SHARON,REPUBLICAN,59923,285789
2022,TEXAS,TX,37,False,False,LLOYD DOGGETT,DEMOCRAT,219358,285789
2022,TEXAS,TX,37,False,False,CLARK PATTERSON,LIBERTARIAN,6332,285789
2022,TEXAS,TX,38,False,False,WESLEY HUNT,REPUBLICAN,163597,259869
2022,TEXAS,TX,38,False,False,DUNCAN F KLUSSMANN,DEMOCRAT,92302,259869
2022,TEXAS,TX,38,False,False,JOEL DEJEAN,INDEPENDENT,3970,259869
2022,VIRGINIA,VA,1,False,False,ROBERT J WITTMAN,REPUBLICAN,191828,342742
2022,VIRGINIA,VA,1,False,False,"HERBERT C “HERB” JONES, JR",DEMOCRAT,147229,342742
2022,VIRGINIA,VA,1,False,False,DAVID BRUCE FOSTER,INDEPENDENT,3388,342742
2022,VIRGINIA,VA,2,False,False,JEN A KIGGANS,REPUBLICAN,153328,296996
2022,VIRGINIA,VA,2,False,False,ELAINE G LURIA,DEMOCRAT,143219,296996
2022,VIRGINIA,VA,3,False,False,TERRY T NAMKUNG,REPUBLICAN,67668,207850
2022,VIRGINIA,VA,3,False,False,ROBERT C “BOBBY” SCOTT,DEMOCRAT,139659,207850
2022,VIRGINIA,VA,4,False,False,"LEON BENJAMIN, SR",REPUBLICAN,85503,244978
2022,VIRGINIA,VA,4,False,False,A DONALD MCEACHIN,DEMOCRAT,159044,244978
2022,VIRGINIA,VA,5,False,False,BOB GOOD,REPUBLICAN,177191,307790
2022,VIRGINIA,VA,5,False,False,JOSHUA M THRONEBURG,DEMOCRAT,129996,307790
2022,VIRGINIA,VA,6,False,False,BEN CLINE,REPUBLICAN,173352,269234
2022,VIRGINIA,VA,6,False,False,JENNIFER LYNN LEWIS,DEMOCRAT,95410,269234
2022,VIRGINIA,VA,7,False,False,YESLI I VEGA,REPUBLICAN,130586,274590
2022,VIRGINIA,VA,7,False,False,ABIGAIL DAVIS SPANBERGER,DEMOCRAT,143357,274590
2022,VIRGINIA,VA,8,False,False,KARINA A LIPSMAN,REPUBLICAN,66589,268936
2022,VIRGINIA,VA,8,False,False,"DONALD S BEYER, JR",DEMOCRAT,197760,268936
2022,VIRGINIA,VA,8,False,False,TEDDY FIKRE,INDEPENDENT,4078,268936
2022,VIRGINIA,VA,9,False,False,H MORGAN GRIFFITH,REPUBLICAN,182207,248792
2022,VIRGINIA,VA,9,False,False,TAYSHA LEE DEVAUGHAN,DEMOCRAT,66027,248792
2022,VIRGINIA,VA,10,False,False,HUNG CAO,REPUBLICAN,138163,296145
2022,VIRGINIA,VA,10,False,False,JENNIFER WEXTON,DEMOCRAT,157405,296145
2022,VIRGINIA,VA,11,False,False,JAMES G “JIM” MYLES,REPUBLICAN,95634,289676
2022,VIRGINIA,VA,11,False,False,GERALD E CONNOLLY,DEMOCRAT,193190,289676
2022,WASHINGTON,WA,1,False,False,VINCENT J CAVELERI,REPUBLICAN,104329,286684
2022,WASHINGTON,WA,1,False,False,SUZAN K DELBENE,DEMOCRAT,181992,286684
2022,WASHINGTON,WA,2,False,False,DAN MATTHEWS,REPUBLICAN,134335,337923
2022,WASHINGTON,WA,2,False,False,RICK LARSEN,DEMOCRAT,202980,337923
2022,WASHINGTON,WA,3,False,False,JOE KENT,REPUBLICAN,157685,319759
2022,WASHINGTON,WA,3,False,False,MARIE GLUESENKAMP PEREZ,DEMOCRAT,160314,319759
2022,WASHINGTON,WA,4,False,False,DAN NEWHOUSE,REPUBLICAN,150619,226647
2022,WASHINGTON,WA,4,False,False,DOUG WHITE,DEMOCRAT,70710,226647
2022,WASHINGTON,WA,5,False,False,CATHY MCMORRIS RODGERS,REPUBLICAN,188648,317006
2022,WASHINGTON,WA,5,False,False,NATASHA HILL,DEMOCRAT,127585,317006
2022,WASHINGTON,WA,6,False,False,ELIZABETH KREISELMAIER,REPUBLICAN,138754,347873
2022,WASHINGTON,WA,6,False,False,DEREK KILMER,DEMOCRAT,208710,347873
2022,WASHINGTON,WA,7,False,False,CLIFF MOON,REPUBLICAN,49207,346647
2022,WASHINGTON,WA,7,False,False,PRAMILA JAYAPAL,DEMOCRAT,295998,346647
2022,WASHINGTON,WA,8,False,False,MATT LARKIN,REPUBLICAN,155976,336038
2022,WASHINGTON,WA,8,False,False,KIM SCHRIER,DEMOCRAT,179003,336038
2022,WASHINGTON,WA,9,False,False,DOUG BASLER,REPUBLICAN,67631,239848
2022,WASHINGTON,WA,9,False,False,ADAM SMITH,DEMOCRAT,171746,239848
2022,WASHINGTON,WA,10,False,False,KEITH R SWANK,REPUBLICAN,114777,267748
2022,WASHINGTON,WA,10,False,False,MARILYN STRICKLAND,DEMOCRAT,152544,267748
2022,WISCONSIN,WI,1,False,False,BRYAN STEIL,REPUBLICAN,162610,300867
2022,WISCONSIN,WI,1,False,False,ANN ROE,DEMOCRAT,135825,300867
2022,WISCONSIN,WI,1,False,False,CHARLES E BARMAN,THE GOING AWAY PARTY,2247,300867
2022,WISCONSIN,WI,1,False,False,SCATTERING,,185,300867
2022,WISCONSIN,WI,2,False,False,ERIK OLSEN,REPUBLICAN,101890,378537
2022,WISCONSIN,WI,2,False,False,MARK POCAN,DEMOCRAT,268740,378537
2022,WISCONSIN,WI,2,False,False,DOUGLAS ALEXANDER,INDEPENDENT,7689,378537
2022,WISCONSIN,WI,2,False,False,SCATTERING,,218,378537
2022,WISCONSIN,WI,3,False,False,DERRICK VAN ORDEN,REPUBLICAN,164743,317922
2022,WISCONSIN,WI,3,False,False,BRAD PFAFF,DEMOCRAT,152977,317922
2022,WISCONSIN,WI,3,False,False,SCATTERING,,202,317922
2022,WISCONSIN,WI,4,False,False,TIM ROGERS,REPUBLICAN,57660,255012
2022,WISCONSIN,WI,4,False,False,GWEN MOORE,DEMOCRAT,191955,255012
2022,WISCONSIN,WI,4,False,False,ROBERT R RAYMOND,INDEPENDENT,5164,255012
2022,WISCONSIN,WI,4,False,False,SCATTERING,,233,255012
2022,WISCONSIN,WI,5,False,False,SCOTT FITZGERALD,REPUBLICAN,243741,378523
2022,WISCONSIN,WI,5,False,False,MIKE VAN SOMEREN,DEMOCRAT,134581,378523
2022,WISCONSIN,WI,5,False,False,SCATTERING,,201,378523
2022,WISCONSIN,WI,6,False,False,GLENN GROTHMAN,REPUBLICAN,239231,251999
2022,WISCONSIN,WI,6,False,False,SCATTERING,,12428,251999
2022,WISCONSIN,WI,7,False,False,THOMAS P TIFFANY,REPUBLICAN,209224,338268
2022,WISCONSIN,WI,7,False,False,RICHARD DICK AUSMAN,DEMOCRAT,128877,338268
2022,WISCONSIN,WI,7,False,False,SCATTERING,,167,338268
2022,WISCONSIN,WI,8,False,False,MIKE GALLAGHER,REPUBLICAN,223981,310196
2022,WISCONSIN,WI,8,False,False,PAUL DAVID BOUCHER,INDEPENDENT,48896,310196
2022,WISCONSIN,WI,8,False,False,JACOB J VANDENPLAS,LIBERTARIAN,32057,310196
2022,WISCONSIN,WI,8,False,False,SCATTERING,,1967,310196
2022,CONNECTICUT,CT,1,False,False,LARRY LAZOR,REPUBLICAN,91506,243913
2022,CONNECTICUT,CT,1,False,False,JOHN B LARSON,DEMOCRAT,144873,243913
2022,CONNECTICUT,CT,1,False,False,WORKING FAMILIES,,4683,243913
2022,CONNECTICUT,CT,1,False,False,MARY L SANDERS,GREEN,2851,243913
2022,CONNECTICUT,CT,2,False,False,MIKE FRANCE,REPUBLICAN,114506,285031
2022,CONNECTICUT,CT,2,False,False,JOE COURTNEY,DEMOCRAT,165946,285031
2022,CONNECTICUT,CT,2,False,False,KEVIN BLACKER,GREEN,2439,285031
2022,CONNECTICUT,CT,2,False,False,WILLIAM HALL,LIBERTARIAN,2140,285031
2022,CONNECTICUT,CT,3,False,False,LESLEY DENARDIS,REPUBLICAN,98704,242651
2022,CONNECTICUT,CT,3,False,False,ROSA L DELAURO,DEMOCRAT,137924,242651
2022,CONNECTICUT,CT,3,False,False,AMY F CHAI,INDEPENDENT,4056,242651
2022,CONNECTICUT,CT,3,False,False,JUSTIN PAGLINO,GREEN,1967,242651
2022,CONNECTICUT,CT,4,False,False,JAYME STEVENSON,REPUBLICAN,93329,236084
2022,CONNECTICUT,CT,4,False,False,INDEPENDENT,,2493,236084
2022,CONNECTICUT,CT,4,False,False,JAMES A HIMES,DEMOCRAT,140262,236084
2022,CONNECTICUT,CT,5,False,False,GEORGE LOGAN,REPUBLICAN,123342,253672
2022,CONNECTICUT,CT,5,False,False,INDEPENDENT,,2492,253672
2022,CONNECTICUT,CT,5,False,False,JAHANA HAYES,DEMOCRAT,123818,253672
2022,CONNECTICUT,CT,5,False,False,WORKING FAMILIES,,4020,253672
2022,HAWAII,HI,1,False,False,CONRAD KRESS,REPUBLICAN,51217,202378
2022,HAWAII,HI,1,False,False,ED CASE,DEMOCRAT,143546,202378
2022,HAWAII,HI,1,False,False,BLANK VOTES,,7466,202378
2022,HAWAII,HI,1,False,False,OVERVOTES,,149,202378
2022,HAWAII,HI,2,False,False,JOE AKANA,REPUBLICAN,72874,216985
2022,HAWAII,HI,2,False,False,JILL N TOKUDA,DEMOCRAT,128407,216985
2022,HAWAII,HI,2,False,False,MICHELLE ROSE TIPPENS,LIBERTARIAN,5130,216985
2022,HAWAII,HI,2,False,False,BLANK VOTES,,10235,216985
2022,HAWAII,HI,2,False,False,OVERVOTES,,339,216985
2022,IDAHO,ID,1,False,False,RUSS FULCHER,REPUBLICAN,222901,312442
2022,IDAHO,ID,1,False,False,KAYLEE PETERSON,DEMOCRAT,82261,312442
2022,IDAHO,ID,1,False,False,DARIAN DRAKE,LIBERTARIAN,7280,312442
2022,IDAHO,ID,2,False,False,MICHAEL K SIMPSON,REPUBLICAN,172450,271186
2022,IDAHO,ID,2,False,False,WENDY NORMAN,DEMOCRAT,98736,271186
2022,INDIANA,IN,1,False,False,JENNIFER-RUTH GREEN,REPUBLICAN,100542,213207
2022,INDIANA,IN,1,False,False,FRANK J MRVAN,DEMOCRAT,112656,213207
2022,INDIANA,IN,2,False,False,RUDOLPH “RUDY” YAKYM III,REPUBLICAN,125313,194073
2022,INDIANA,IN,2,False,False,PAUL D STEURY,DEMOCRAT,62891,194073
2022,INDIANA,IN,2,False,False,WILLIAM E HENRY,LIBERTARIAN,5858,194073
2022,INDIANA,IN,3,False,False,JIM BANKS,REPUBLICAN,131579,201542
2022,INDIANA,IN,3,False,False,GARY L SNYDER,DEMOCRAT,60577,201542
2022,INDIANA,IN,3,False,False,NATHAN GOTSCH,INDEPENDENT,9386,201542
2022,INDIANA,IN,4,False,False,JAMES R BAIRD,REPUBLICAN,134864,197698
2022,INDIANA,IN,4,False,False,ROGER D DAY,DEMOCRAT,62834,197698
2022,INDIANA,IN,5,False,False,VICTORIA SPARTZ,REPUBLICAN,146575,240009
2022,INDIANA,IN,5,False,False,JEANNINE LEE LAKE,DEMOCRAT,93434,240009
2022,INDIANA,IN,6,False,False,GREG PENCE,REPUBLICAN,130686,193524
2022,INDIANA,IN,6,False,False,CYNTHIA “CINDE” WIRTH,DEMOCRAT,62838,193524
2022,INDIANA,IN,7,False,False,ANGELA GRABOVSKY,REPUBLICAN,53631,175180
2022,INDIANA,IN,7,False,False,ANDRÉ CARSON,DEMOCRAT,117309,175180
2022,INDIANA,IN,7,False,False,GAVIN MAPLE,LIBERTARIAN,4240,175180
2022,INDIANA,IN,8,False,False,LARRY BUCSHON,REPUBLICAN,141995,216040
2022,INDIANA,IN,8,False,False,RAY MCCORMICK,DEMOCRAT,68109,216040
2022,INDIANA,IN,8,False,False,ANDREW HORNING,LIBERTARIAN,5936,216040
2022,INDIANA,IN,9,False,False,ERIN HOUCHIN,REPUBLICAN,143166,225276
2022,INDIANA,IN,9,False,False,MATTHEW FYFE,DEMOCRAT,75700,225276
2022,INDIANA,IN,9,False,False,TONYA L MILLIS,LIBERTARIAN,6374,225276
2022,IOWA,IA,1,False,False,MARIANNETTE MILLER-MEEKS,REPUBLICAN,162947,309736
2022,IOWA,IA,1,False,False,CHRISTINA BOHANNAN,DEMOCRAT,142173,309736
2022,IOWA,IA,1,False,False,UNDERVOTES,,4308,309736
2022,IOWA,IA,1,False,False,OVERVOTES,,48,309736
2022,IOWA,IA,2,False,False,ASHLEY HINSON,REPUBLICAN,172181,321507
2022,IOWA,IA,2,False,False,LIZ MATHIS,DEMOCRAT,145940,321507
2022,IOWA,IA,2,False,False,UNDERVOTES,,3043,321507
2022,IOWA,IA,2,False,False,OVERVOTES,,65,321507
2022,IOWA,IA,3,False,False,ZACH NUNN,REPUBLICAN,156262,315039
2022,IOWA,IA,3,False,False,CYNTHIA AXNE,DEMOCRAT,154117,315039
2022,IOWA,IA,3,False,False,UNDERVOTES,,4024,315039
2022,IOWA,IA,3,False,False,OVERVOTES,,102,315039
2022,IOWA,IA,4,False,False,RANDY FEENSTRA,REPUBLICAN,186467,284134
2022,IOWA,IA,4,False,False,RYAN MELTON,DEMOCRAT,84230,284134
2022,IOWA,IA,4,False,False,BRYAN JACK HOLDER,LIBERTY CAUCUS,6035,284134
2022,IOWA,IA,4,False,False,UNDERVOTES,,7008,284134
2022,IOWA,IA,4,False,False,OVERVOTES,,118,284134
2022,KANSAS,KS,1,False,False,TRACEY MANN,REPUBLICAN,161333,238425
2022,KANSAS,KS,1,False,False,JAMES “JIMMY” BEARD,DEMOCRAT,77092,238425
2022,KANSAS,KS,2,False,False,JAKE LATURNER,REPUBLICAN,134506,233358
2022,KANSAS,KS,2,False,False,PATRICK SCHMIDT,DEMOCRAT,98852,233358
2022,KANSAS,KS,3,False,False,AMANDA L ADKINS,REPUBLICAN,128839,301294
2022,KANSAS,KS,3,False,False,SHARICE DAVIDS,DEMOCRAT,165527,301294
2022,KANSAS,KS,3,False,False,STEPHEN A HOHE,LIBERTARIAN,6928,301294
2022,KANSAS,KS,4,False,False,RON ESTES,REPUBLICAN,144889,228740
2022,KANSAS,KS,4,False,False,BOB HERNANDEZ,DEMOCRAT,83851,228740
2022,KENTUCKY,KY,1,False,False,JAMES COMER,REPUBLICAN,184157,245858
2022,KENTUCKY,KY,1,False,False,JIMMY C AUSBROOKS,DEMOCRAT,61701,245858
2022,KENTUCKY,KY,2,False,False,BRETT GUTHRIE,REPUBLICAN,170487,237256
2022,KENTUCKY,KY,2,False,False,HANK LINDERMAN,DEMOCRAT,66769,237256
2022,KENTUCKY,KY,3,False,False,STUART N RAY,REPUBLICAN,98637,259587
2022,KENTUCKY,KY,3,False,False,MORGAN MCGARVEY,DEMOCRAT,160920,259587
2022,KENTUCKY,KY,4,False,False,THOMAS MASSIE,REPUBLICAN,167541,257629
2022,KENTUCKY,KY,4,False,False,MATTHEW LEHMAN,DEMOCRAT,79977,257629
2022,KENTUCKY,KY,4,False,False,ETHAN KEITH OSBORNE,INDEPENDENT,10111,257629
2022,KENTUCKY,KY,5,False,False,HAROLD ROGERS,REPUBLICAN,177712,216270
2022,KENTUCKY,KY,5,False,False,CONOR HALBLEIB,DEMOCRAT,38549,216270
2022,KENTUCKY,KY,6,False,False,ANDY BARR,REPUBLICAN,154762,246818
2022,KENTUCKY,KY,6,False,False,GEOFFREY M “GEOFF” YOUNG,DEMOCRAT,83005,246818
2022,LOUISIANA,LA,1,False,False,STEVE SCALISE,REPUBLICAN,177670,244044
2022,LOUISIANA,LA,1,False,False,KATIE DARLING,DEMOCRAT,61467,244044
2022,LOUISIANA,LA,1,False,False,HOWARD KEARNEY,LIBERTARIAN,4907,244044
2022,LOUISIANA,LA,2,False,False,“DAN” LUX,REPUBLICAN,46927,205047
2022,LOUISIANA,LA,2,False,False,TROY A CARTER,DEMOCRAT,158120,205047
2022,LOUISIANA,LA,3,False,False,CLAY HIGGINS,REPUBLICAN,144423,224552
2022,LOUISIANA,LA,3,False,False,HOLDEN HOGGATT,REPUBLICAN,24474,224552
2022,LOUISIANA,LA,3,False,False,"THOMAS “LANE” PAYNE, JR",REPUBLICAN,4012,224552
2022,LOUISIANA,LA,3,False,False,JACOB “JAKE” SHAHEEN,REPUBLICAN,1955,224552
2022,LOUISIANA,LA,3,False,False,LESSIE OLIVIA LEBLANC,DEMOCRAT,23641,224552
2022,LOUISIANA,LA,3,False,False,TIA LEBRUN,DEMOCRAT,21172,224552
2022,LOUISIANA,LA,3,False,False,GLORIA R WIGGINS,INDEPENDENT,3255,224552
2022,LOUISIANA,LA,3,False,False,GUY MCLENDON,LIBERTARIAN,1620,224552
2022,LOUISIANA,LA,4,False,False,MIKE JOHNSON,REPUBLICAN,1,1
2022,LOUISIANA,LA,5,False,False,JULIA LETLOW,REPUBLICAN,151080,223553
2022,LOUISIANA,LA,5,False,False,ALLEN GUILLORY,REPUBLICAN,12159,223553
2022,LOUISIANA,LA,5,False,False,HUNTER PULLEN,REPUBLICAN,5782,223553
2022,LOUISIANA,LA,5,False,False,OSCAR “OMAR” DANTZLER,DEMOCRAT,35149,223553
2022,LOUISIANA,LA,5,False,False,WALTER EARL HUFF,DEMOCRAT,19383,223553
2022,LOUISIANA,LA,6,False,False,GARRET GRAVES,REPUBLICAN,189684,235928
2022,LOUISIANA,LA,6,False,False,BRIAN BELZER,REPUBLICAN,15535,235928
2022,LOUISIANA,LA,6,False,False,"RUFUS HOLT CRAIG, JR",LIBERTARIAN,30709,235928
2022,MAINE,ME,1,False,False,EDWIN THELANDER,REPUBLICAN,129263,358138
2022,MAINE,ME,1,False,False,CHELLIE PINGREE,DEMOCRAT,219753,358138
2022,MAINE,ME,1,False,False,BLANK,,8962,358138
2022,MAINE,ME,1,False,False,OTHERS,,160,358138
2022,MAINE,ME,2,False,False,BRUCE POLIQUIN,REPUBLICAN,146142,333326
2022,MAINE,ME,2,False,False,JARED F GOLDEN,DEMOCRAT,165136,333326
2022,MAINE,ME,2,False,False,TIFFANY BOND,INDEPENDENT,21655,333326
2022,MAINE,ME,2,False,False,EXHAUSTED BALLOT,,322778,333326
2022,MISSISSIPPI,MS,1,False,False,TRENT KELLY,REPUBLICAN,122151,167389
2022,MISSISSIPPI,MS,1,False,False,DIANNE BLACK,DEMOCRAT,45238,167389
2022,MISSISSIPPI,MS,2,False,False,BRIAN FLOWERS,REPUBLICAN,71884,180169
2022,MISSISSIPPI,MS,2,False,False,BENNIE G THOMPSON,DEMOCRAT,108285,180169
2022,MISSISSIPPI,MS,3,False,False,MICHAEL GUEST,REPUBLICAN,132481,187284
2022,MISSISSIPPI,MS,3,False,False,SHUWASKI A YOUNG,DEMOCRAT,54803,187284
2022,MISSISSIPPI,MS,4,False,False,MIKE EZELL,REPUBLICAN,127813,174258
2022,MISSISSIPPI,MS,4,False,False,JOHNNY L DUPREE,DEMOCRAT,42876,174258
2022,MISSISSIPPI,MS,4,False,False,ALDEN PATRICK JOHNSON,LIBERTARIAN,3569,174258
2022,MISSOURI,MO,1,False,False,ANDREW JONES,REPUBLICAN,53767,220958
2022,MISSOURI,MO,1,False,False,CORI BUSH,DEMOCRAT,160999,220958
2022,MISSOURI,MO,1,False,False,GEORGE A ZSIDISIN,LIBERTARIAN,6192,220958
2022,MISSOURI,MO,2,False,False,ANN WAGNER,REPUBLICAN,173277,315666
2022,MISSOURI,MO,2,False,False,TRISH GUNBY,DEMOCRAT,135895,315666
2022,MISSOURI,MO,2,False,False,BILL SLANTZ,LIBERTARIAN,6494,315666
2022,MISSOURI,MO,3,False,False,BLAINE LUETKEMEYER,REPUBLICAN,180746,277597
2022,MISSOURI,MO,3,False,False,BETHANY MANN,DEMOCRAT,96851,277597
2022,MISSOURI,MO,4,False,False,MARK ALFORD,REPUBLICAN,181890,255079
2022,MISSOURI,MO,4,False,False,JACK TRUMAN,DEMOCRAT,67069,255079
2022,MISSOURI,MO,4,False,False,RANDY LANGKRAEHR,LIBERTARIAN,6117,255079
2022,MISSOURI,MO,5,False,False,JACOB TURK,REPUBLICAN,84008,230555
2022,MISSOURI,MO,5,False,False,EMANUEL CLEAVER,DEMOCRAT,140688,230555
2022,MISSOURI,MO,5,False,False,ROBIN DOMINICK,LIBERTARIAN,5859,230555
2022,MISSOURI,MO,6,False,False,SAM GRAVES,REPUBLICAN,184865,262892
2022,MISSOURI,MO,6,False,False,HENRY MARTIN,DEMOCRAT,72253,262892
2022,MISSOURI,MO,6,False,False,EDWARD A “ANDY” MAIDMENT,LIBERTARIAN,5774,262892
2022,MISSOURI,MO,7,False,False,ERIC BURLISON,REPUBLICAN,178592,251947
2022,MISSOURI,MO,7,False,False,KRISTEN RADAKER-SHEAFER,DEMOCRAT,67485,251947
2022,MISSOURI,MO,7,False,False,KEVIN CRAIG,LIBERTARIAN,5869,251947
2022,MISSOURI,MO,8,False,False,JASON SMITH,REPUBLICAN,186472,245395
2022,MISSOURI,MO,8,False,False,RANDI MCCALLIAN,DEMOCRAT,53738,245395
2022,MISSOURI,MO,8,False,False,JIM HIGGINS,LIBERTARIAN,5185,245395
2022,MONTANA,MT,1,False,False,RYAN K ZINKE,REPUBLICAN,123102,247960
2022,MONTANA,MT,1,False,False,MONICA TRANEL,DEMOCRAT,115265,247960
2022,MONTANA,MT,1,False,False,JOHN LAMB,LIBERTARIAN,9593,247960
2022,MONTANA,MT,2,False,False,"MATTHEW M ROSENDALE, SR",REPUBLICAN,121979,215672
2022,MONTANA,MT,2,False,False,PENNY RONNING,DEMOCRAT,43480,215672
2022,MONTANA,MT,2,False,False,GARY BUCHANAN,INDEPENDENT,47195,215672
2022,MONTANA,MT,2,False,False,SAM RANKIN,LIBERTARIAN,3018,215672
2022,NEBRASKA,NE,1,False,False,MIKE FLOOD,REPUBLICAN,129236,223165
2022,NEBRASKA,NE,1,False,False,PATTY PANSING BROOKS,DEMOCRAT,93929,223165
2022,NEBRASKA,NE,2,False,False,DON BACON,REPUBLICAN,112663,219470
2022,NEBRASKA,NE,2,False,False,TONY VARGAS,DEMOCRAT,106807,219470
2022,NEBRASKA,NE,3,False,False,ADRIAN SMITH,REPUBLICAN,172700,220552
2022,NEBRASKA,NE,3,False,False,DAVID J ELSE,DEMOCRAT,34836,220552
2022,NEBRASKA,NE,3,False,False,"MARK ELWORTH, JR",LEGAL MARIJUANA NOW,13016,220552
2022,NEVADA,NV,1,False,False,MARK ROBERTSON,REPUBLICAN,103115,224349
2022,NEVADA,NV,1,False,False,DINA TITUS,DEMOCRAT,115700,224349
2022,NEVADA,NV,1,False,False,KEN CAVANAUGH,LIBERTARIAN,5534,224349
2022,NEVADA,NV,2,False,False,MARK E AMODEI,REPUBLICAN,185467,310498
2022,NEVADA,NV,2,False,False,ELIZABETH MERCEDES KRAUSE,DEMOCRAT,117371,310498
2022,NEVADA,NV,2,False,False,RUSSELL BEST,INDEPENDENT AMERICAN,4194,310498
2022,NEVADA,NV,2,False,False,DARRYL BABER,LIBERTARIAN,3466,310498
2022,NEVADA,NV,3,False,False,APRIL BECKER,REPUBLICAN,121083,252169
2022,NEVADA,NV,3,False,False,SUSIE LEE,DEMOCRAT,131086,252169
2022,NEVADA,NV,4,False,False,SAM PETERS,REPUBLICAN,105870,222487
2022,NEVADA,NV,4,False,False,STEVEN HORSFORD,DEMOCRAT,116617,222487
2022,NEW HAMPSHIRE,NH,1,False,False,KAROLINE LEAVITT,REPUBLICAN,142229,309962
2022,NEW HAMPSHIRE,NH,1,False,False,CHRIS PAPPAS,DEMOCRAT,167391,309962
2022,NEW HAMPSHIRE,NH,1,False,False,SCATTER,,342,309962
2022,NEW HAMPSHIRE,NH,2,False,False,ROBERT BURNS,REPUBLICAN,135579,307584
2022,NEW HAMPSHIRE,NH,2,False,False,ANN M KUSTER,DEMOCRAT,171636,307584
2022,NEW HAMPSHIRE,NH,2,False,False,SCATTER,,369,307584
2022,NEW MEXICO,NM,1,False,False,MICHELLE GARCIA HOLMES,REPUBLICAN,124151,280671
2022,NEW MEXICO,NM,1,False,False,MELANIE A STANSBURY,DEMOCRAT,156462,280671
2022,NEW MEXICO,NM,2,False,False,YVETTE HERRELL,REPUBLICAN,95636,192673
2022,NEW MEXICO,NM,2,False,False,GABRIEL VASQUEZ,DEMOCRAT,96986,192673
2022,NEW MEXICO,NM,3,False,False,ALEXIS MARTINEZ JOHNSON,REPUBLICAN,96565,230782
2022,NEW MEXICO,NM,3,False,False,TERESA LEGER FERNANDEZ,DEMOCRAT,134217,230782
2022,OHIO,OH,1,False,False,STEVE CHABOT,REPUBLICAN,140058,296474
2022,OHIO,OH,1,False,False,GREG LANDSMAN,DEMOCRAT,156416,296474
2022,OHIO,OH,2,False,False,BRAD R WENSTRUP,REPUBLICAN,192117,257862
2022,OHIO,OH,2,False,False,SAMANTHA MEADOWS,DEMOCRAT,65745,257862
2022,OHIO,OH,3,False,False,LEE R STAHLEY,REPUBLICAN,76455,258797
2022,OHIO,OH,3,False,False,JOYCE BEATTY,DEMOCRAT,182324,258797
2022,OHIO,OH,4,False,False,JIM JORDAN,REPUBLICAN,200773,290156
2022,OHIO,OH,4,False,False,TAMIE WILSON,DEMOCRAT,89383,290156
2022,OHIO,OH,5,False,False,ROBERT E LATTA,REPUBLICAN,187303,279937
2022,OHIO,OH,5,False,False,CRAIG SWARTZ,DEMOCRAT,92634,279937
2022,OHIO,OH,6,False,False,BILL JOHNSON,REPUBLICAN,189883,280383
2022,OHIO,OH,6,False,False,LOUIS G LYRAS,DEMOCRAT,90500,280383
2022,OHIO,OH,7,False,False,MAX MILLER,REPUBLICAN,168002,303573
2022,OHIO,OH,7,False,False,MATTHEW DIEMER,DEMOCRAT,135485,303573
2022,OHIO,OH,8,False,False,WARREN DAVIDSON,REPUBLICAN,180287,278916
2022,OHIO,OH,8,False,False,VANESSA ENOCH,DEMOCRAT,98629,278916
2022,OHIO,OH,9,False,False,J R MAJEWSKI,REPUBLICAN,115362,266017
2022,OHIO,OH,9,False,False,MARCY KAPTUR,DEMOCRAT,150655,266017
2022,OHIO,OH,10,False,False,MICHAEL R TURNER,REPUBLICAN,168327,272961
2022,OHIO,OH,10,False,False,DAVID ESRATI,DEMOCRAT,104634,272961
2022,OHIO,OH,11,False,False,ERIC J BREWER,REPUBLICAN,47988,215710
2022,OHIO,OH,11,False,False,SHONTEL M BROWN,DEMOCRAT,167722,215710
2022,OHIO,OH,12,False,False,TROY BALDERSON,REPUBLICAN,191344,276237
2022,OHIO,OH,12,False,False,AMY RIPPEL-ELTON,DEMOCRAT,84893,276237
2022,OHIO,OH,13,False,False,MADISON GESIOTTO GILBERT,REPUBLICAN,134593,284409
2022,OHIO,OH,13,False,False,EMILIA SYKES,DEMOCRAT,149816,284409
2022,OHIO,OH,14,False,False,DAVID P JOYCE,REPUBLICAN,183389,297028
2022,OHIO,OH,14,False,False,MATT KILBOY,DEMOCRAT,113639,297028
2022,OHIO,OH,15,False,False,MIKE CAREY,REPUBLICAN,143112,251251
2022,OHIO,OH,15,False,False,GARY JOSEPHSON,DEMOCRAT,108139,251251
2022,OKLAHOMA,OK,1,False,False,KEVIN HERN,REPUBLICAN,142800,233495
2022,OKLAHOMA,OK,1,False,False,ADAM MARTIN,DEMOCRAT,80974,233495
2022,OKLAHOMA,OK,1,False,False,EVELYN L ROGERS,INDEPENDENT,9721,233495
2022,OKLAHOMA,OK,2,False,False,JOSH BRECHEEN,REPUBLICAN,167843,231672
2022,OKLAHOMA,OK,2,False,False,NAOMI ANDREWS,DEMOCRAT,54194,231672
2022,OKLAHOMA,OK,2,False,False,BULLDOG BEN ROBINSON,INDEPENDENT,9635,231672
2022,OKLAHOMA,OK,3,False,False,FRANK D LUCAS,REPUBLICAN,147418,197772
2022,OKLAHOMA,OK,3,False,False,JEREMIAH A ROSS,DEMOCRAT,50354,197772
2022,OKLAHOMA,OK,4,False,False,TOM COLE,REPUBLICAN,149879,224546
2022,OKLAHOMA,OK,4,False,False,MARY BRANNON,DEMOCRAT,74667,224546
2022,OKLAHOMA,OK,5,False,False,STEPHANIE I BICE,REPUBLICAN,152699,258826
2022,OKLAHOMA,OK,5,False,False,JOSHUA HARRIS-TILL,DEMOCRAT,96799,258826
2022,OKLAHOMA,OK,5,False,False,DAVID K FROSCH,INDEPENDENT,9328,258826
2022,OREGON,OR,1,False,False,CHRISTOPHER A MANN,REPUBLICAN,99042,310243
2022,OREGON,OR,1,False,False,SUZANNE BONAMICI,DEMOCRAT,210682,310243
2022,OREGON,OR,1,False,False,MISCELLANEOUS,,519,310243
2022,OREGON,OR,2,False,False,CLIFF BENTZ,REPUBLICAN,208369,308676
2022,OREGON,OR,2,False,False,JOE YETTER,DEMOCRAT,99882,308676
2022,OREGON,OR,2,False,False,MISCELLANEOUS,,425,308676
2022,OREGON,OR,3,False,False,JOANNA HARBOUR,REPUBLICAN,79766,303334
2022,OREGON,OR,3,False,False,EARL BLUMENAUER,DEMOCRAT,212119,303334
2022,OREGON,OR,3,False,False,DAVID E DELK,PROGRESSIVE,10982,303334
2022,OREGON,OR,3,False,False,MISCELLANEOUS,,467,303334
2022,OREGON,OR,4,False,False,ALEK SKARLATOS,REPUBLICAN,146055,339077
2022,OREGON,OR,4,False,False,VAL HOYLE,DEMOCRAT,171372,339077
2022,OREGON,OR,4,False,False,LEVI LEATHERBERRY,INDEPENDENT,9052,339077
2022,OREGON,OR,4,False,False,JIM HOWARD,CONSTITUTION,6075,339077
2022,OREGON,OR,4,False,False,MIKE BEILSTEIN,PACIFIC GREEN,6033,339077
2022,OREGON,OR,4,False,False,MISCELLANEOUS,,490,339077
2022,OREGON,OR,5,False,False,LORI CHAVEZ-DEREMER,REPUBLICAN,178813,351233
2022,OREGON,OR,5,False,False,JAMIE MCLEOD-SKINNER,DEMOCRAT,171514,351233
2022,OREGON,OR,5,False,False,MISCELLANEOUS,,906,351233
2022,OREGON,OR,6,False,False,MIKE ERICKSON,REPUBLICAN,139946,294377
2022,OREGON,OR,6,False,False,ANDREA SALINAS,DEMOCRAT,147156,294377
2022,OREGON,OR,6,False,False,LARRY D MCFARLAND,CONSTITUTION,6762,294377
2022,OREGON,OR,6,False,False,MISCELLANEOUS,,513,294377
2022,RHODE ISLAND,RI,1,False,False,ALLEN R WATERS,REPUBLICAN,56055,156734
2022,RHODE ISLAND,RI,1,False,False,DAVID N CICILLINE,DEMOCRAT,100318,156734
2022,RHODE ISLAND,RI,2,False,False,ALLAN W FUNG,REPUBLICAN,93969,201089
2022,RHODE ISLAND,RI,2,False,False,SETH M MAGAZINER,DEMOCRAT,101432,201089
2022,RHODE ISLAND,RI,2,False,False,WILLIAM H GILBERT,INDEPENDENT-MODERATE,5489,201089
2022,SOUTH CAROLINA,SC,1,False,False,NANCY MACE,REPUBLICAN,153757,272681
2022,SOUTH CAROLINA,SC,1,False,False,ANNIE ANDREWS,DEMOCRAT,115796,272681
2022,SOUTH CAROLINA,SC,1,False,False,JOSEPH ODDO,ALLIANCE,2634,272681
2022,SOUTH CAROLINA,SC,2,False,False,JOE WILSON,REPUBLICAN,147699,246126
2022,SOUTH CAROLINA,SC,2,False,False,JUDD LARKINS,DEMOCRAT,98081,246126
2022,SOUTH CAROLINA,SC,3,False,False,JEFF DUNCAN,REPUBLICAN,189971,194569
2022,SOUTH CAROLINA,SC,4,False,False,WILLIAM R TIMMONS IV,REPUBLICAN,165607,182365
2022,SOUTH CAROLINA,SC,5,False,False,RALPH NORMAN,REPUBLICAN,154725,241707
2022,SOUTH CAROLINA,SC,5,False,False,EVANGELINE HUNDLEY,DEMOCRAT,83299,241707
2022,SOUTH CAROLINA,SC,5,False,False,LARRY GAITHER,GREEN,3547,241707
2022,SOUTH CAROLINA,SC,6,False,False,DUKE BUCKNER,REPUBLICAN,79879,211028
2022,SOUTH CAROLINA,SC,6,False,False,JAMES E CLYBURN,DEMOCRAT,130923,211028
2022,SOUTH CAROLINA,SC,7,False,False,RUSSELL FRY,REPUBLICAN,164440,253865
2022,SOUTH CAROLINA,SC,7,False,False,DARYL W SCOTT,DEMOCRAT,89030,253865
2022,UTAH,UT,1,False,False,BLAKE D MOORE,REPUBLICAN,178434,266420
2022,UTAH,UT,1,False,False,RICK EDWIN JONES,DEMOCRAT,87986,266420
2022,UTAH,UT,2,False,False,CHRIS STEWART,REPUBLICAN,154883,259399
2022,UTAH,UT,2,False,False,NICK MITCHELL,DEMOCRAT,88224,259399
2022,UTAH,UT,2,False,False,JAYMAC MCFARLAND,UNITED UTAH,8622,259399
2022,UTAH,UT,2,False,False,CASSIE EASLEY,CONSTITUTION,7670,259399
2022,UTAH,UT,3,False,False,JOHN R CURTIS,REPUBLICAN,182497,283380
2022,UTAH,UT,3,False,False,GLENN J WRIGHT,DEMOCRAT,83687,283380
2022,UTAH,UT,3,False,False,MICHAEL STODDARD,LIBERTARIAN,8287,283380
2022,UTAH,UT,3,False,False,DANIEL CLYDE CUMMINGS,CONSTITUTION,4874,283380
2022,UTAH,UT,3,False,False,AARON HEINEMAN,INDEPENDENT AMERICAN,4035,283380
2022,UTAH,UT,4,False,False,BURGESS OWENS,REPUBLICAN,155110,254059
2022,UTAH,UT,4,False,False,DARLENE MCDONALD,DEMOCRAT,82181,254059
2022,UTAH,UT,4,False,False,JANUARY WALKER,UNITED UTAH,16740,254059
2022,WEST VIRGINIA,WV,1,False,False,CAROL D MILLER,REPUBLICAN,151511,227196
2022,WEST VIRGINIA,WV,1,False,False,LACY WATSON,DEMOCRAT,65428,227196
2022,WEST VIRGINIA,WV,1,False,False,BELINDA FOX-SPENCER,INDEPENDENT,10257,227196
2022,WEST VIRGINIA,WV,2,False,False,ALEXANDER X MOONEY,REPUBLICAN,160493,244886
2022,WEST VIRGINIA,WV,2,False,False,BARRY LEE WENDELL,DEMOCRAT,84278,244886
2022,ALASKA,AK,0,False,False,SARAH PALIN,REPUBLICAN,67866,263610
2022,ALASKA,AK,0,False,False,NICK BEGICH,REPUBLICAN,61513,263610
2022,ALASKA,AK,0,False,False,MARY SATTLER PELTOLA,DEMOCRAT,128553,263610
2022,ALASKA,AK,0,False,False,CHRIS BYE,LIBERTARIAN,4570,263610
2022,DELAWARE,DE,0,False,False,LEE MURPHY,REPUBLICAN,138201,321649
2022,DELAWARE,DE,0,False,False,LISA BLUNT ROCHESTER,DEMOCRAT,178416,321649
2022,DELAWARE,DE,0,False,False,CODY MCNUTT,LIBERTARIAN,3074,321649
2022,DELAWARE,DE,0,False,False,DAVID ROGERS,NON-PARTISAN DELAWARE,1958,321649
2022,NORTH DAKOTA,ND,0,False,False,KELLY ARMSTRONG,REPUBLICAN,148399,238586
2022,NORTH DAKOTA,ND,0,False,False,CARA MUND,INDEPENDENT,89644,238586
2022,SOUTH DAKOTA,SD,0,False,False,DUSTY JOHNSON,REPUBLICAN,253821,327841
2022,SOUTH DAKOTA,SD,0,False,False,COLLIN DUPREL,LIBERTARIAN,74020,327841
2022,VERMONT,VT,0,False,False,LIAM MADDEN,REPUBLICAN,78397,291955
2022,VERMONT,VT,0,False,False,BECCA BALINT,DEMOCRAT,176494,291955
2022,VERMONT,VT,0,False,False,ERICKA REDIC,LIBERTARIAN,12590,291955
2022,VERMONT,VT,0,False,False,MATT DRUZBA,INDEPENDENT,5737,291955
2022,VERMONT,VT,0,False,False,LUKE TALBOT,INDEPENDENT,4428,291955
2022,VERMONT,VT,0,False,False,ADAM ORTIZ,INDEPENDENT,3376,291955
2022,VERMONT,VT,0,False,False,BLANK VOTES,,9389,291955
2022,VERMONT,VT,0,False,False,OVERVOTES,,540,291955
2022,WYOMING,WY,0,False,False,HARRIET HAGEMAN,REPUBLICAN,132206,198198
2022,WYOMING,WY,0,False,False,LYNNETTE GREYBULL,DEMOCRAT,47250,198198
2022,WYOMING,WY,0,False,False,RICHARD BRUBAKER,LIBERTARIAN,5420,198198
2022,WYOMING,WY,0,False,False,MARISSA JOY SELVIG,CONSTITUTION,4505,198198
2022,WYOMING,WY,0,False,False,UNDERVOTES,,3660,198198
2022,WYOMING,WY,0,False,False,OVERVOTES,,636,198198
