race_id,district_id,year,total_votes,winner_name,winner_party,winner_CAND_ICI,runner_up_name,runner_up_party,runner_up_CAND_ICI,margin_of_victory,spending_winner,spending_runner_up,pvi,NHE,spending_ratio,adjusted_margin
AK_0_2014,AK_0,2014,279741,DON YOUNG,Republican,I,FORREST DUNBAR,Democrat,C,10.0,809039.2,230088.83,12.0,5.7,3.516203720102362,-7.7
AK_0_2018,AK_0,2018,282166,DON YOUNG,Republican,I,ALYSE S GALVIN,Democrat,C,6.58,1387687.05,1943398.59,9.0,-8.6,0.7140516912693654,6.18
AK_0_2020,AK_0,2020,353165,DON YOUNG,Republican,I,ALYSE S GALVIN,Democrat,C,9.14,1817836.79,5162902.93,9.0,-3.1,0.352095868283156,3.24
AR_2_2014,AR_2,2014,237330,FRENCH HILL,Republican,O,PATRICK HENRY HAYS,Democrat,O,8.26,2149743.85,1563841.26,8.0,5.7,1.3746560504484964,-5.44
AR_2_2018,AR_2,2018,253453,FRENCH HILL,Republican,I,CLARKE TUCKER,Democrat,C,6.31,3536453.22,2359234.62,7.0,-8.6,1.4989832677175616,7.91
AR_2_2020,AR_2,2020,332503,J FRENCH HILL,Republican,I,JOYCE ELLIOTT,Democrat,C,10.73,3059235.64,3540156.67,7.0,-3.1,0.8641526139011244,6.83
AZ_1_2012,AZ_1,2012,251595,ANN KIRKPATRICK,Democrat,I,JONATHAN PATON,Republican,C,3.65,2369726.45,1489294.36,3.0,-1.1,1.5911739906139173,5.55
AZ_1_2018,AZ_1,2018,266089,TOM O'HALLERAN,Democrat,I,WENDY ROGERS,Republican,C,7.69,2760247.97,1427124.4,2.0,-8.6,1.9341327006951885,1.09
AZ_1_2020,AZ_1,2020,365178,TOM O'HALLERAN,Democrat,I,TIFFANY SHEDD,Republican,C,3.22,3359686.85,1655234.73,2.0,-3.1,2.0297343869772475,2.12
AZ_2_2012,AZ_2,2012,292279,RON BARBER,Democrat,I,MARTHA MCSALLY,Republican,C,0.84,2690570.19,1442044.71,2.0,-1.1,1.8658021983243502,1.74
AZ_2_2014,AZ_2,2014,219351,MARTHA MCSALLY,Republican,C,RON BARBER,Democrat,I,0.07,4503580.94,3610617.45,3.0,5.7,1.2473160068508504,-8.63
AZ_2_2016,AZ_2,2016,315679,MARTHA MCSALLY,Republican,I,MATT HEINZ,Democrat,C,13.92,8004418.35,1585089.25,3.0,1.1,5.049821863343026,9.82
AZ_2_2018,AZ_2,2018,294152,ANN KIRKPATRICK,Democrat,O,LEA MARQUEZ PETERSON,Republican,O,9.49,4519793.32,1457230.95,1.0,-8.6,3.1016314332330097,1.89
AZ_2_2020,AZ_2,2020,381054,ANN KIRKPATRICK,Democrat,I,BRANDON MARTIN,Republican,C,10.23,1433662.33,387527.04,1.0,-3.1,3.6995156002533403,8.13
AZ_6_2018,AZ_6,2018,313699,DAVID SCHWEIKERT,Republican,I,ANITA MALIK,Democrat,C,10.39,1773912.37,391755.8,9.0,-8.6,4.528107484305274,9.99
AZ_6_2020,AZ_6,2020,417427,DAVID SCHWEIKERT,Republican,I,HIRAL TIPIRNENI,Democrat,C,4.35,2283320.82,6413897.02,9.0,-3.1,0.35599586536548417,-1.55
AZ_8_2018,AZ_8,2018,304417,DEBBIE LESKO,Republican,I,HIRAL TIPIRNENI,Democrat,C,10.93,2032633.16,4479343.36,13.0,-8.6,0.453779270004432,6.53
AZ_8_2020,AZ_8,2020,422467,DEBBIE LESKO,Republican,I,MICHAEL MUSCATO,Democrat,C,19.13,996781.94,399329.13,13.0,-3.1,2.4961413158113457,9.23
AZ_9_2012,AZ_9,2012,250131,KYRSTEN SINEMA,Democrat,I,VERNON B PARKER,Republican,C,4.1,2118460.84,1170856.83,1.0,-1.1,1.8093252613985262,4.0
AZ_9_2018,AZ_9,2018,261245,GREG STANTON,Democrat,O,STEPHEN L FERRARA,Republican,O,22.17,2465870.87,1565927.76,-4.0,-8.6,1.5747028266489127,9.57
CA_10_2012,CA_10,2012,209199,JEFF DENHAM,Republican,I,JOSE HERNANDEZ,Democrat,C,5.42,2647697.84,1754480.64,5.0,-1.1,1.509106330178713,1.52
CA_10_2014,CA_10,2014,125705,JEFF DENHEM,Republican,I,MICHAEL EGGMAN,Democrat,C,12.3,1753320.93,1291436.26,1.0,5.7,1.3576519293333145,5.6
CA_10_2016,CA_10,2016,241141,JEFF DENHAM,Republican,I,MICHAEL EGGMAN,Democrat,C,3.4,4183054.63,1586983.34,1.0,1.1,2.635852894334732,1.3
CA_10_2018,CA_10,2018,221900,JOSH HARDER,Democrat,C,JEFF DENHAM,Republican,I,4.5,8421288.43,4932044.09,0.0,-8.6,1.707464141911189,-4.1
CA_10_2020,CA_10,2020,302494,JOSH HARDER,Democrat,I,TED HOWZE,Republican,C,10.33,4091139.47,1878228.79,0.0,-3.1,2.1781901607418126,7.23
CA_16_2014,CA_16,2014,91220,JIM COSTA,Democrat,I,JOHNNY TACHERRA,Republican,C,1.46,1116677.4,342204.12,-7.0,5.7,3.2631909867128424,0.16
CA_16_2018,CA_16,2018,142959,JIM COSTA,Democrat,I,ELIZABETH HENG,Republican,C,15.09,2363583.43,1267197.95,-9.0,-8.6,1.8652045878072958,-2.51
CA_16_2020,CA_16,2020,216729,JIM COSTA,Democrat,I,KEVIN COOKINGHAM,Republican,C,18.76,1846494.42,270292.35,-9.0,-3.1,6.8314712569556635,6.66
CA_1_2012,CA_1,2012,294213,DOUG LA MALFA,Republican,I,JIM REED,Democrat,C,14.77,775941.69,192924.1,10.0,-1.1,4.022004975013489,5.87
CA_1_2014,CA_1,2014,216372,DOUG LAMALFA,Republican,I,HEIDI HALL,Democrat,C,22.06,730253.27,233970.36,10.0,5.7,3.121135813955238,6.36
CA_1_2016,CA_1,2016,314036,DOUG LAMALFA,Republican,I,JIM REED,Democrat,C,18.11,808869.52,134916.57,10.0,1.1,5.995331188748721,7.01
CA_1_2018,CA_1,2018,291594,DOUG LA MALFA,Republican,I,AUDREY DENNEY,Democrat,C,9.77,1095659.91,1097092.46,11.0,-8.6,0.998694230384192,7.37
CA_1_2020,CA_1,2020,358263,DOUG LAMALFA,Republican,I,AUDREY DENNEY,Democrat,C,13.99,1179453.85,2475446.47,11.0,-3.1,0.4764610603759087,6.09
CA_22_2018,CA_22,2018,222379,DEVIN G NUNES,Republican,I,ANDREW JANZ,Democrat,C,5.44,11629556.14,9211821.7,8.0,-8.6,1.262459969237138,6.04
CA_22_2020,CA_22,2020,315139,DEVIN NUNES,Republican,I,PHIL ARBALLO,Democrat,C,8.45,20201844.61,5146107.01,8.0,-3.1,3.925655757010774,3.55
CA_24_2012,CA_24,2012,284495,LOIS CAPPS,Democrat,I,ABEL MALDONADO,Republican,C,10.19,3286649.92,2669430.05,-3.0,-1.1,1.2312178474202762,6.09
CA_24_2014,CA_24,2014,198794,LOIS CAPPS,Democrat,I,CHRIS MITCHUM,Republican,C,3.85,2493169.87,490474.37,-4.0,5.7,5.08318073786404,5.55
CA_24_2016,CA_24,2016,310814,SALUD CARBAJAL,Democrat,O,JUSTIN DONALD FAREED,Republican,O,6.84,3120305.56,2295813.98,-4.0,1.1,1.359128216476842,3.94
CA_24_2018,CA_24,2018,284431,SALUD CARBAJAL,Democrat,I,JUSTIN FAREED,Republican,C,17.11,2077611.91,1513003.06,-7.0,-8.6,1.373170990149881,1.51
CA_24_2020,CA_24,2020,362345,SALUD O CARBAJAL,Democrat,I,ANDY CALDWELL,Republican,C,17.33,1490230.52,1288902.84,-7.0,-3.1,1.1562008196056113,7.23
CA_25_2012,CA_25,2012,236575,"HOWARD P ""BUCK"" MCKEON",Republican,I,LEE C ROGERS,Democrat,C,9.56,1756319.01,360091.19,6.0,-1.1,4.877428436946763,4.66
CA_25_2016,CA_25,2016,261161,STEPHEN KNIGHT,Republican,I,BRYAN CAFORIO,Democrat,C,6.26,1679628.36,1703542.69,3.0,1.1,0.9859620013396906,2.16
CA_25_2018,CA_25,2018,245022,KATIE HILL,Democrat,C,STEVE KNIGHT,Republican,I,8.73,8505044.12,2631813.07,0.0,-8.6,3.231629258532408,0.13
CA_25_2020,CA_25,2020,338943,MIKE GARCIA,Republican,I,CHRISTY SMITH,Democrat,C,0.1,9762756.03,5943381.18,-3.0,-3.1,1.64262660164765,6.2
CA_26_2012,CA_26,2012,263935,JULIA BROWNLEY,Democrat,C,TONY STRICKLAND,Republican,I,5.38,2106885.83,,-2.0,-1.1,,2.28
CA_26_2014,CA_26,2014,169829,JULIA BROWNLEY,Democrat,I,JEFF GORELL,Republican,C,2.66,3364754.34,1298190.88,-4.0,5.7,2.5918795085049435,4.36
CA_26_2018,CA_26,2018,255426,JULIA BROWNLEY,Democrat,I,ANTONIO SABATO JR,Republican,C,23.88,1788074.84,350222.64,-7.0,-8.6,5.105537551769926,8.28
CA_31_2014,CA_31,2014,99784,PETE AGUILAR,Democrat,O,PAUL CHABOT,Republican,O,3.47,2246264.88,522741.85,-5.0,5.7,4.297082546576288,4.17
CA_31_2016,CA_31,2016,215936,PETE AGUILAR,Democrat,I,PAUL CHABOT,Republican,C,12.14,2011901.87,697268.25,-5.0,1.1,2.8854058248027212,8.24
CA_31_2018,CA_31,2018,187495,PETE AGUILAR,Democrat,I,SEAN FLYNN,Republican,C,17.49,2493817.05,1399111.11,-8.0,-8.6,1.7824295956023104,0.89
CA_36_2012,CA_36,2012,208142,RAUL RUIZ,Democrat,C,MARY BONO MACK,Republican,I,5.88,1925464.26,2423515.64,3.0,-1.1,0.7944921948182682,7.78
CA_36_2018,CA_36,2018,207008,RAUL RUIZ,Democrat,I,KIMBERLIN BROWN PELZER,Republican,C,18.03,2512376.46,841751.6,-2.0,-8.6,2.9847005458617484,7.43
CA_39_2012,CA_39,2012,251967,EDWARD R ROYCE,Republican,I,JAY CHEN,Democrat,C,15.58,4517754.11,714593.73,7.0,-1.1,6.322129512667289,9.68
CA_39_2016,CA_39,2016,263456,EDWARD R ROYCE,Republican,I,BRETT MURDOCK,Democrat,C,14.46,3663387.68,76513.51,5.0,1.1,47.878965165759624,8.36
CA_39_2018,CA_39,2018,244393,GIL CISNEROS,Democrat,O,YOUNG KIM,Republican,O,3.11,12183755.2,2902331.5,0.0,-8.6,4.19791991369697,-5.49
CA_39_2020,CA_39,2020,343783,YOUNG KIM,Republican,C,GILBERT RAY CISNEROS JR,Democrat,I,1.2,6070017.32,4503468.14,0.0,-3.1,1.347853949733949,4.3
CA_3_2014,CA_3,2014,150260,JOHN GARAMENDI,Democrat,I,DAN LOGUE,Republican,C,5.45,1320607.27,1600768.31,-3.0,5.7,0.8249833918813647,8.15
CA_3_2018,CA_3,2018,232251,JOHN GARAMENDI,Democrat,I,CHARLIE SCHAUPP,Republican,C,16.15,839434.81,27158.94,-5.0,-8.6,30.908231690927558,2.55
CA_3_2020,CA_3,2020,321988,JOHN GARAMENDI,Democrat,I,TAMIKA HAMILTON,Republican,C,9.35,717060.34,384583.7,-5.0,-3.1,1.864510482373538,1.25
CA_41_2014,CA_41,2014,82884,MARK TAKANO,Democrat,I,STEVE ADAMS,Republican,C,13.29,1312896.41,230976.44,-9.0,5.7,5.684113972836363,9.99
CA_41_2018,CA_41,2018,166248,MARK TAKANO,Democrat,I,AJA SMITH,Republican,C,30.2,1100014.99,43652.16,-12.0,-8.6,25.19955461539589,9.6
CA_42_2016,CA_42,2016,254236,KEN CALVERT,Republican,I,TIM SHERIDAN,Democrat,C,17.64,1276116.53,159128.08,10.0,1.1,8.019430197360517,6.54
CA_42_2020,CA_42,2020,368047,KEN CALVERT,Republican,I,"WILLIAM ""LIAM"" O'MARA",Democrat,C,14.26,1552252.09,130072.24,9.0,-3.1,11.93376918856783,8.36
CA_44_2012,CA_44,2012,165898,JANICE HAHN,Democrat,I,LAURA RICHARDSON,Democrat,C,20.45,2483980.0,619800.49,-29.0,-1.1,4.007708996809602,-9.65
CA_44_2018,CA_44,2018,143322,NANETTE DIAZ BARRAGAN,Democrat,I,AJA L BROWN,Democrat,C,36.68,975363.82,17820.15,-35.0,-8.6,54.733760377999054,-6.92
CA_45_2016,CA_45,2016,311849,MIMI WALTERS,Republican,I,RON VARASTEH,Democrat,C,17.12,1690947.44,117761.42,7.0,1.1,14.359095194334444,9.02
CA_45_2018,CA_45,2018,305289,KATIE PORTER,Democrat,C,MIMI WALTERS,Republican,I,4.1,6891471.01,5280460.18,3.0,-8.6,1.3050890973672677,-1.5
CA_45_2020,CA_45,2020,414939,KATIE PORTER,Democrat,I,GREG RATHS,Republican,C,6.93,6717188.33,1408703.47,3.0,-3.1,4.768347968930608,6.83
CA_47_2012,CA_47,2012,230012,ALAN LOWENTHAL,Democrat,I,GARY DELONG,Republican,C,13.12,1175009.14,1418740.41,-5.0,-1.1,0.828205873123752,7.02
CA_47_2014,CA_47,2014,123400,ALAN S LOWENTHAL,Democrat,I,ANDY WHALLON,Republican,C,11.98,506596.9,59582.15,-8.0,5.7,8.502494455134634,9.68
CA_47_2018,CA_47,2018,221036,ALAN LOWENTHAL,Democrat,I,JOHN BRISCOE,Republican,C,29.71,631673.27,48137.47,-13.0,-8.6,13.122278133852902,8.11
CA_48_2016,CA_48,2016,306416,DANA ROHRABACHER,Republican,I,SUZANNE SAVARY,Democrat,C,16.64,659108.23,33970.11,7.0,1.1,19.40259333867332,8.54
CA_48_2018,CA_48,2018,294736,HARLEY ROUDA,Democrat,C,DANA ROHRABACHER,Republican,I,7.1,8473725.72,2979978.21,4.0,-8.6,2.843552913093281,2.5
CA_48_2020,CA_48,2020,395100,MICHELLE STEEL,Republican,C,HARLEY ROUDA,Democrat,I,2.12,6271738.6,6465174.21,4.0,-3.1,0.9700803715852229,1.22
CA_49_2016,CA_49,2016,310155,DARRELL E ISSA,Republican,I,DOUG APPLEGATE,Democrat,C,0.52,6311313.06,2051589.43,4.0,1.1,3.076304141418783,-4.58
CA_49_2018,CA_49,2018,295030,MIKE LEVIN,Democrat,O,DIANE L HARKEY,Republican,O,12.84,5497153.67,1642058.86,1.0,-8.6,3.3477202333660556,5.24
CA_49_2020,CA_49,2020,386506,MIKE LEVIN,Democrat,I,BRIAN MARYOTT,Republican,C,6.26,2959855.97,3444349.84,1.0,-3.1,0.8593366259218316,4.16
CA_4_2014,CA_4,2014,211134,TOM MCCLINTOCK,Republican,I,"ARTHUR ""ART"" MOORE",Republican,C,20.1,1750512.01,221522.01,10.0,5.7,7.90220353273248,4.4
CA_4_2018,CA_4,2018,340654,TOM MCCLINTOCK,Republican,I,JESSICA MORSE,Democrat,C,8.26,1800346.86,3711060.21,10.0,-8.6,0.48513005936920656,6.86
CA_4_2020,CA_4,2020,442022,TOM MCCLINTOCK,Republican,I,BRYNNE S KENNEDY,Democrat,C,11.89,2130296.45,3018528.82,10.0,-3.1,0.7057399736869169,4.99
CA_52_2012,CA_52,2012,295910,SCOTT PETERS,Democrat,C,BRIAN P BILBRAY,Republican,I,2.36,4352737.01,2772270.37,-1.0,-1.1,1.5700983053828186,0.26
CA_52_2014,CA_52,2014,191572,SCOTT H PETERS,Democrat,I,CARL DEMAIO,Republican,C,3.17,4504002.79,3353676.65,-2.0,5.7,1.3430044873288545,6.87
CA_7_2012,CA_7,2012,273291,AMI BERA,Democrat,C,DANIEL E LUNGREN,Republican,I,3.36,3564211.09,2718888.94,3.0,-1.1,1.3109072009392189,5.26
CA_7_2014,CA_7,2014,183587,AMI BERA,Democrat,I,DOUG OSE,Republican,C,0.79,4355563.28,8555545.86,0.0,5.7,0.5090923888753488,6.49
CA_7_2016,CA_7,2016,297301,AMI BERA,Democrat,I,SCOTT R JONES,Republican,C,2.34,4192531.21,1355340.14,0.0,1.1,3.0933424653091146,3.44
CA_7_2018,CA_7,2018,281617,AMI BERA,Democrat,I,ANDREW GRANT,Republican,C,10.09,1769089.63,549841.35,-3.0,-8.6,3.2174546894299603,-1.51
CA_7_2020,CA_7,2020,383965,AMI BERA,Democrat,I,BUZZ PATTERSON,Republican,C,13.25,1126435.93,67330.19,-3.0,-3.1,16.730027495838048,7.15
CA_8_2012,CA_8,2012,179644,PAUL COOK,Republican,C,GREGG IMUS,Republican,I,14.77,583981.44,110127.67,12.0,-1.1,5.3027675969172865,3.87
CA_8_2020,CA_8,2020,283111,JAY OBERNOLTE,Republican,O,CHRISTINE BUBSER,Democrat,O,12.12,1958786.11,1876717.93,9.0,-3.1,1.0437296296305967,6.22
CA_9_2012,CA_9,2012,213077,JERRY MCNERNEY,Democrat,I,RICKY GILL,Republican,C,11.11,2744513.95,2947420.19,-2.0,-1.1,0.93115802060106,8.01
CA_9_2014,CA_9,2014,121204,JERRY MCNERNEY,Democrat,I,"ANTONIO C ""TONY"" AMADOR",Republican,C,4.74,1109114.54,62057.76,-6.0,5.7,17.872294133723162,4.44
CA_9_2016,CA_9,2016,232155,JERRY MCNERNEY,Democrat,I,"ANTONIO C ""TONY"" AMADOR",Republican,C,14.72,1154434.25,67038.68,-6.0,1.1,17.220420360305425,9.82
CA_9_2018,CA_9,2018,200763,JERRY MCNERNEY,Democrat,I,MARLA LIVENGOOD,Republican,C,12.98,1285784.91,97462.93,-8.0,-8.6,13.192553414924014,-3.62
CA_9_2020,CA_9,2020,302610,JERRY MCNERNEY,Democrat,I,"ANTONIO C ""TONY"" AMADOR",Republican,C,15.17,1128095.71,52225.0,-8.0,-3.1,21.600683772139778,4.07
CO_2_2012,CO_2,2012,421580,JARED POLIS,Democrat,I,KEVIN LUNDBERG,Republican,C,17.11,1506673.17,282160.66,-8.0,-1.1,5.339770505215008,8.01
CO_2_2018,CO_2,2018,430614,JOE NEGUSE,Democrat,O,PETER YU,Republican,O,26.64,1064033.62,67708.0,-9.0,-8.6,15.715035446328352,9.04
CO_3_2012,CO_3,2012,347247,SCOTT R TIPTON,Republican,I,SAL PACE,Democrat,C,12.29,2225170.66,1953038.26,4.0,-1.1,1.1393379769221725,9.39
CO_3_2016,CO_3,2016,374037,SCOTT R TIPTON,Republican,I,GAIL SCHWARTZ,Democrat,C,14.25,2042118.59,1685037.24,5.0,1.1,1.2119130316668847,8.15
CO_3_2020,CO_3,2020,429319,LAUREN BOEBERT,Republican,I,DIANE E MITSCH BUSH,Democrat,C,6.18,2632675.56,5040013.78,6.0,-3.1,0.5223548337203158,3.28
CO_5_2014,CO_5,2014,262855,DOUG LAMBORN,Republican,I,IRV HALTER,Democrat,C,19.6,574480.8,833960.84,13.0,5.7,0.688858244231228,0.9
CO_5_2020,CO_5,2020,432407,DOUG LAMBORN,Republican,I,JILLIAN FREELAND,Democrat,C,20.22,390060.58,181293.51,14.0,-3.1,2.1515418836559563,9.32
CO_6_2012,CO_6,2012,342914,MIKE COFFMAN,Republican,I,JOE MIKLOSI,Democrat,C,2.04,3844986.68,1703888.85,1.0,-1.1,2.256594777294305,2.14
CO_6_2014,CO_6,2014,276440,MIKE COFFMAN,Republican,I,ANDREW ROMANOFF,Democrat,C,8.91,4711131.67,5145369.66,-1.0,5.7,0.9156060655125019,4.21
CO_6_2016,CO_6,2016,376417,MIKE COFFMAN,Republican,I,MORGAN CARROLL,Democrat,C,8.3,3574756.56,3132175.95,-1.0,1.1,1.1413013244035668,8.2
CO_6_2018,CO_6,2018,346817,JASON CROW,Democrat,C,MIKE COFFMAN,Republican,I,11.23,5667236.29,3823933.07,-2.0,-8.6,1.4820437979056993,0.63
CT_4_2014,CT_4,2014,198800,JAMES A HIMES,Democrat,I,DAN DEBICELLA,Republican,C,7.52,2371454.0,1273919.55,-5.0,5.7,1.8615414136630526,8.22
CT_4_2018,CT_4,2018,275651,JIM HIMES,Democrat,I,HARRY ARORA,Republican,C,22.42,1706354.06,754776.65,-7.0,-8.6,2.2607403925386405,6.82
CT_5_2012,CT_5,2012,284757,ELIZABETH ESTY,Democrat,O,ANDREW RORABACK,Republican,O,2.62,3285559.7,1574453.91,-2.0,-1.1,2.0867931916787583,-0.48
CT_5_2018,CT_5,2018,270664,JAHANA HAYES,Democrat,O,MANNY SANTOS,Republican,O,11.75,1306411.7,75953.33,-2.0,-8.6,17.200189906091016,1.15
CT_5_2020,CT_5,2020,349524,JAHANA HAYES,Democrat,I,DAVID X SULLIVAN,Republican,C,11.59,1605007.59,430170.44,-2.0,-3.1,3.7310968880148994,6.49
DE_0_2016,DE_0,2016,420617,LISA BLUNT ROCHESTER,Democrat,O,HANS REIGLE,Republican,O,14.56,1451279.77,221665.5,-8.0,1.1,6.5471612406982596,7.66
DE_0_2020,DE_0,2020,488270,LISA BLUNT ROCHESTER,Democrat,I,LEE MURPHY,Republican,C,17.41,1327603.95,131862.44,-6.0,-3.1,10.06809786016397,8.31
FL_13_2016,FL_13,2016,355842,CHARLIE CRIST,Democrat,C,DAVID W JOLLY,Republican,I,3.81,1983386.46,2230282.46,-3.0,1.1,0.8892983268137257,1.91
FL_13_2018,FL_13,2018,316971,CHARLIE CRIST,Democrat,I,GEORGE BUCK,Republican,C,15.29,1780937.57,42519.44,-2.0,-8.6,41.88525460354134,4.69
FL_13_2020,FL_13,2020,406125,CHARLIE CRIST,Democrat,I,ANNA PAULINA LUNA,Republican,C,6.08,4059147.92,3286006.7,-2.0,-3.1,1.23528291040916,0.98
FL_15_2014,FL_15,2014,213582,DENNIS A ROSS,Republican,I,ALAN M COHN,Democrat,C,20.56,1465843.12,429906.11,6.0,5.7,3.4096819884695293,8.86
FL_15_2016,FL_15,2016,318474,DENNIS A ROSS,Republican,I,JIM LANGE,Democrat,C,14.92,1199262.94,37571.54,6.0,1.1,31.91945126550575,7.82
FL_15_2018,FL_15,2018,285532,ROSS SPANO,Republican,O,KRISTEN CARLSON,Democrat,O,6.04,934198.85,2101885.58,6.0,-8.6,0.44445751894829594,8.64
FL_15_2020,FL_15,2020,390671,SCOTT FRANKLIN,Republican,O,ALAN COHN,Democrat,O,10.77,1639816.94,2320645.03,6.0,-3.1,0.7066211845419548,7.87
FL_18_2012,FL_18,2012,330665,PATRICK MURPHY,Democrat,C,ALLEN B WEST,Republican,I,0.58,4480428.11,18471216.08,1.0,-1.1,0.2425627035380337,0.48
FL_18_2016,FL_18,2016,375918,BRIAN MAST,Republican,O,RANDY PERKINS,Democrat,O,10.53,2872938.76,10862988.41,3.0,1.1,0.2644703880338578,6.43
FL_22_2012,FL_22,2012,313071,LOIS FRANKEL,Democrat,I,ADAM HASNER,Republican,C,9.25,3490565.22,3368776.59,-5.0,-1.1,1.0361521836626157,3.15
FL_22_2018,FL_22,2018,297683,TED DEUTCH,Democrat,I,NICOLAS KIMAZ,Republican,C,24.05,1274589.63,202834.66,-6.0,-8.6,6.283884766045408,9.45
FL_22_2020,FL_22,2020,402317,THEODORE E DEUTCH,Democrat,I,"JAMES ""JIM"" PRUDEN",Republican,C,17.2,1283607.07,278998.83,-6.0,-3.1,4.600761479895811,8.1
FL_23_2016,FL_23,2016,323120,DEBBIE WASSERMAN SCHULTZ,Democrat,I,"JOSEPH ""JOE"" KAUFMAN",Republican,C,16.22,4242401.09,123263.44,-9.0,1.1,34.417351081553456,8.32
FL_23_2018,FL_23,2018,276366,DEBBIE WASSERMAN SCHULTZ,Democrat,I,"JOSEPH ""JOE"" KAUFMAN",Republican,C,22.49,1986789.07,476747.12,-11.0,-8.6,4.16738557329932,2.89
FL_23_2020,FL_23,2020,380196,DEBBIE WASSERMAN SCHULTZ,Democrat,I,CARLA SPALDING,Republican,C,16.4,1992619.2,931190.64,-11.0,-3.1,2.1398617151048684,2.3
FL_27_2016,FL_27,2016,287677,ILEANA ROS-LEHTINEN,Republican,I,SCOTT FUHRMAN,Democrat,C,9.79,3436514.81,888454.46,1.0,1.1,3.8679695636847837,7.69
FL_27_2018,FL_27,2018,252586,DONNA SHALALA,Democrat,O,MARIA ELVIRA SALAZAR,Republican,O,6.0,4414481.03,2056401.32,-5.0,-8.6,2.146702098985231,-7.6
FL_3_2016,FL_3,2016,342700,TED S YOHO,Republican,I,"KENNETH ""KEN"" MCGURN",Democrat,C,16.78,794643.44,602081.92,9.0,1.1,1.3198261126990825,6.68
FL_3_2020,FL_3,2020,390401,KAT CAMMACK,Republican,O,ADAM CHRISTENSEN,Democrat,O,14.28,1104893.66,254948.08,9.0,-3.1,4.333798709133248,8.38
FL_7_2016,FL_7,2016,353655,STEPHANIE MURPHY,Democrat,C,JOHN L MICA,Republican,I,2.96,1071897.72,1828019.08,2.0,1.1,0.5863711882044469,6.06
FL_7_2018,FL_7,2018,317398,STEPHANIE MURPHY,Democrat,I,MIKE MILLER,Republican,C,15.38,3156143.66,1103414.05,0.0,-8.6,2.8603439116984237,6.78
FL_7_2020,FL_7,2020,406449,STEPHANIE N MURPHY,Democrat,I,LEO VALENTIN,Republican,C,12.1,1828521.74,1028316.45,0.0,-3.1,1.7781702704454452,9.0
FL_9_2018,FL_9,2018,296737,DARREN SOTO,Democrat,I,WAYNE LIEBNITZKY,Republican,C,16.04,1534325.41,71507.85,-5.0,-8.6,21.456740903271456,2.44
FL_9_2020,FL_9,2020,429638,DARREN SOTO,Democrat,I,"WILLIAM P ""BILL"" OLSON",Republican,C,12.06,949960.3,402594.3,-5.0,-3.1,2.3595969937974783,3.96
GA_2_2018,GA_2,2018,229171,SANFORD BISHOP,Democrat,I,HERMAN WEST JR,Republican,C,19.3,1273000.02,17109.52,-6.0,-8.6,74.40302357985496,4.7
GA_2_2020,GA_2,2020,273034,SANFORD D BISHOP JR,Democrat,I,DON COLE,Republican,C,18.23,1456259.17,163543.92,-6.0,-3.1,8.904391982288304,9.13
GA_6_2016,GA_6,2016,326005,TOM PRICE,Republican,I,RODNEY STOOKSBURY,Democrat,C,23.36,2462526.7,0.0,14.0,1.1,inf,8.26
GA_6_2018,GA_6,2018,317014,LUCY MCBATH,Democrat,C,KAREN HANDEL,Republican,I,1.03,2485321.68,8685297.45,8.0,-8.6,0.28615274195358736,0.43
GA_7_2012,GA_7,2012,252066,ROB WOODALL,Republican,I,STEVE REILLY,Democrat,C,24.32,426844.12,32745.0,16.0,-1.1,13.03539838143228,9.42
GA_7_2018,GA_7,2018,280441,ROB WOODALL,Republican,I,CAROLYN BOURDEAUX,Democrat,C,0.15,1514245.52,2801216.29,9.0,-8.6,0.5405671548482963,-0.25
GA_7_2020,GA_7,2020,371464,CAROLYN BOURDEAUX,Democrat,O,RICH MCCORMICK,Republican,O,2.78,5331899.54,2679580.55,9.0,-3.1,1.9898261838032822,8.68
HI_1_2012,HI_1,2012,217876,COLLEEN W HANABUSA,Democrat,I,CHARLES K DJOU,Republican,C,9.03,1448162.67,926223.37,-11.0,-1.1,1.5635134211739874,-3.07
HI_1_2014,HI_1,2014,182268,MARK TAKAI,Democrat,O,CHARLES DJOU,Republican,O,3.81,1826464.36,1018461.8,-18.0,5.7,1.79335578418356,-8.49
IA_1_2012,IA_1,2012,390849,BRUCE L BRALEY,Democrat,I,BEN LANGE,Republican,C,15.34,2664440.22,1079784.4,-5.0,-1.1,2.467566877239568,9.24
IA_1_2014,IA_1,2014,289306,ROD BLUM,Republican,O,PAT MURPHY,Democrat,O,2.29,1035951.96,1416830.14,-5.0,5.7,0.7311758345287601,1.59
IA_1_2018,IA_1,2018,334243,ABBY FINKENAUER,Democrat,C,ROD BLUM,Republican,I,5.06,4572791.56,2774877.78,-1.0,-8.6,1.6479253943934065,-4.54
IA_1_2020,IA_1,2020,423971,ASHLEY HINSON,Republican,C,ABBY FINKENAUER,Democrat,I,2.53,5062131.23,5912075.08,-1.0,-3.1,0.8562359512525001,6.63
IA_2_2012,IA_2,2012,381275,DAVID LOEBSACK,Democrat,I,JOHN ARCHER,Republican,C,13.08,1544560.57,967708.31,-4.0,-1.1,1.5961013810039515,7.98
IA_2_2014,IA_2,2014,273329,DAVID LOEBSACK,Democrat,I,MARIANNETTE MILLER-MEEKS,Republican,C,5.11,1721735.53,940493.03,-4.0,5.7,1.8306733543788198,6.81
IA_2_2016,IA_2,2016,370032,DAVID LOEBSACK,Democrat,I,CHRISTOPHER PETERS,Republican,C,7.47,699336.2,208818.45,-4.0,1.1,3.3490153767543047,4.57
IA_2_2018,IA_2,2018,312913,DAVE LOEBSACK,Democrat,I,CHRISTOPHER PETERS,Republican,C,12.19,2354379.5,853952.41,-1.0,-8.6,2.757038299124889,2.59
IA_2_2020,IA_2,2020,413989,MARIANNETTE MILLER-MEEKS,Republican,C,RITA R HART,Democrat,I,0.0,1739952.54,4143623.13,-1.0,-3.1,0.4199109053626699,4.1
IA_3_2012,IA_3,2012,386842,TOM LATHAM,Republican,I,LEONARD L BOSWELL,Democrat,C,8.63,3886262.09,1766438.74,1.0,-1.1,2.2000548346216635,8.73
IA_3_2014,IA_3,2014,282066,DAVID YOUNG,Republican,O,STACI APPEL,Democrat,O,10.53,1968425.42,2162366.16,0.0,5.7,0.9103108698297423,4.83
IA_3_2018,IA_3,2018,356241,CINDY AXNE,Democrat,C,DAVID YOUNG,Republican,I,2.16,5223872.91,2913630.99,1.0,-8.6,1.792908205578909,-5.44
IA_3_2020,IA_3,2020,460813,CYNTHIA AXNE,Democrat,I,DAVID YOUNG,Republican,C,1.35,6294921.24,3139878.92,1.0,-3.1,2.0048292945003117,-0.75
IA_4_2012,IA_4,2012,377883,STEVE KING,Republican,I,CHRISTIE VILSACK,Democrat,C,8.1,3815764.55,3355947.81,4.0,-1.1,1.1370154621087507,5.2
IA_4_2018,IA_4,2018,313251,STEVE KING,Republican,I,JD SCHOLTEN,Democrat,C,3.33,976612.43,3240682.22,11.0,-8.6,0.3013601345953631,0.93
IL_10_2012,IL_10,2012,264454,BRAD SCHNEIDER,Democrat,I,ROBERT J DOLD,Republican,C,1.26,3029605.21,4543848.98,-8.0,-1.1,0.6667486580947062,-7.84
IL_10_2014,IL_10,2014,187128,ROBERT DOLD,Republican,I,BRADLEY S SCHNEIDER,Democrat,C,2.6,3648085.17,4854838.27,-8.0,5.7,0.7514328937676436,4.9
IL_10_2016,IL_10,2016,285996,BRAD SCHNEIDER,Democrat,C,ROBERT J DOLD,Republican,I,5.21,5057592.74,5650246.2,-8.0,1.1,0.8951101528991781,-1.69
IL_12_2012,IL_12,2012,303949,WILLIAM L ENYART,Democrat,O,JASON PLUMMER,Republican,O,8.92,1167686.09,1346211.06,-2.0,-1.1,0.8673870871332762,5.82
IL_12_2014,IL_12,2014,209738,MIKE BOST,Republican,C,WILLIAM L ENYART,Democrat,I,10.57,1291882.8,1993752.18,0.0,5.7,0.6479655861743058,4.87
IL_12_2018,IL_12,2018,261543,MIKE BOST,Republican,I,BRENDAN KELLY,Democrat,C,6.18,2875064.06,3927041.56,5.0,-8.6,0.732119590809729,9.78
IL_13_2012,IL_13,2012,294385,RODNEY DAVIS,Republican,I,DAVID M GILL,Democrat,C,0.34,1383023.66,1322590.41,-1.0,-1.1,1.0456930955669035,2.44
IL_13_2018,IL_13,2018,270981,RODNEY DAVIS,Republican,I,BETSY DIRKSEN LONDRIGAN,Democrat,C,0.76,4016146.61,4257797.06,3.0,-8.6,0.9432451930905322,6.36
IL_13_2020,IL_13,2020,333021,RODNEY DAVIS,Republican,I,BETSY DIRKSEN LONDRIGAN,Democrat,C,8.93,4891001.05,5343867.56,3.0,-3.1,0.9152549151124546,9.03
IL_14_2018,IL_14,2018,297199,LAUREN UNDERWOOD,Democrat,C,"RANDALL M ""RANDY"" HULTGREN",Republican,I,5.0,4891319.17,2400772.35,5.0,-8.6,2.0373939953115503,1.4
IL_14_2020,IL_14,2020,401052,LAUREN UNDERWOOD,Democrat,I,JIM OBERWEIS,Republican,C,1.34,7360376.83,3207797.84,5.0,-3.1,2.294526400080125,3.24
IL_17_2012,IL_17,2012,288161,CHERI BUSTOS,Democrat,I,ROBERT T SCHILLING,Republican,C,6.56,2187282.79,2571549.53,-6.0,-1.1,0.8505699635503424,-0.54
IL_17_2014,IL_17,2014,199361,CHERI BUSTOS,Democrat,I,BOBBY SCHILLING,Republican,C,10.92,3089767.62,1144068.66,-7.0,5.7,2.700683733439565,9.62
IL_17_2020,IL_17,2020,299895,CHERI BUSTOS,Democrat,I,ESTHER JOY KING,Republican,C,4.05,6479373.11,2055793.65,-3.0,-3.1,3.151762391132982,-2.05
IL_6_2018,IL_6,2018,315446,SEAN CASTEN,Democrat,C,PETER J ROSKAM,Republican,I,7.15,6362182.45,7154396.95,2.0,-8.6,0.8892688642332042,0.55
IL_6_2020,IL_6,2020,404747,SEAN CASTEN,Democrat,I,JEANNE IVES,Republican,C,7.38,5437739.31,3244293.04,2.0,-3.1,1.676093756931402,6.28
IL_8_2012,IL_8,2012,225066,TAMMY DUCKWORTH,Democrat,C,JOE WALSH,Republican,I,9.48,5208691.38,2008414.74,-6.0,-1.1,2.5934341529479115,2.38
IL_8_2014,IL_8,2014,151056,TAMMY DUCKWORTH,Democrat,I,LARRY KAIFESH,Republican,C,11.45,2289837.46,335872.88,-8.0,5.7,6.817571755123545,9.15
IL_8_2016,IL_8,2016,248571,RAJA KRISHNAMOORTHI,Democrat,O,"PETER ""PETE"" DICIANNI",Republican,O,16.63,2646752.35,315249.26,-8.0,1.1,8.395744846474818,9.73
IN_2_2012,IN_2,2012,273475,JACKIE WALORSKI,Republican,O,BRENDAN MULLEN,Democrat,O,1.43,1874002.93,1278023.1,7.0,-1.1,1.4663294661888349,-4.47
IN_2_2014,IN_2,2014,145200,JACKIE WALORSKI,Republican,I,JOE BOCK,Democrat,C,20.66,1836516.26,816818.86,6.0,5.7,2.2483764148149077,8.96
IN_2_2018,IN_2,2018,228889,JACKIE WALORSKI,Republican,I,MEL HALL,Democrat,C,9.67,2849918.24,4065914.63,11.0,-8.6,0.7009291879795323,7.27
IN_9_2012,IN_9,2012,298180,TODD C YOUNG,Republican,I,SHELLI YODER,Democrat,C,10.89,1823459.34,416029.69,9.0,-1.1,4.383002905393603,2.99
IN_9_2016,IN_9,2016,322843,TREY HOLLINGSWORTH,Republican,O,SHELLI YODER,Democrat,O,13.68,3601734.05,1419849.79,9.0,1.1,2.536700766071881,3.58
IN_9_2018,IN_9,2018,271361,TREY HOLLINGSWORTH,Republican,I,LIZ WATSON,Democrat,C,12.96,1498220.43,2518118.51,13.0,-8.6,0.5949761395463473,8.56
KS_2_2014,KS_2,2014,225686,LYNN JENKINS,Republican,I,MARGIE WAKEFIELD,Democrat,C,18.43,3122371.57,777140.76,8.0,5.7,4.017768376992605,4.73
KS_2_2018,KS_2,2018,264688,STEVE WATKINS,Republican,O,PAUL DAVIS,Democrat,O,0.85,1223163.07,3954361.15,10.0,-8.6,0.3093200199986792,-0.55
KS_2_2020,KS_2,2020,336315,JAKE LATURNER,Republican,I,MICHELLE DE LA ISLA,Democrat,C,14.51,1591626.35,1826448.2,10.0,-3.1,0.8714325158523522,7.61
KS_3_2014,KS_3,2014,224077,KEVIN YODER,Republican,I,KELLY KULTALA,Democrat,C,20.04,1971401.59,376690.32,6.0,5.7,5.2334808868993505,8.34
KS_3_2016,KS_3,2016,343113,KEVIN YODER,Republican,I,JAY SIDIE,Democrat,C,10.7,4081243.76,569870.49,6.0,1.1,7.161703986461906,3.6
KS_3_2018,KS_3,2018,318301,SHARICE DAVIDS,Democrat,C,KEVIN YODER,Republican,I,9.66,4852128.71,4966109.86,4.0,-8.6,0.9770482020709867,5.06
KY_6_2012,KY_6,2012,303000,"GARLAND ""ANDY"" BARR",Republican,C,BEN CHANDLER,Democrat,I,3.89,2211676.11,2533044.02,7.0,-1.1,0.8731297571370276,-2.01
KY_6_2014,KY_6,2014,245694,ANDY BARR,Republican,I,ELIZABETH JENSEN,Democrat,C,19.99,2295731.11,886670.39,9.0,5.7,2.589159552288647,5.29
KY_6_2018,KY_6,2018,302888,ANDY BARR,Republican,I,AMY MCGRATH,Democrat,C,3.21,5652125.05,8351249.65,9.0,-8.6,0.6767999146091866,2.81
LA_5_2014,LA_5,2014,326073,RALPH LEE ABRAHAM,Republican,I,"""JAMIE"" MAYO",Democrat,C,18.28,884868.13,197326.64,15.0,5.7,4.4842811391305295,-2.42
LA_5_2020,LA_5,2020,435090,LUKE J LETLOW,Republican,O,LANCE HARRIS,Republican,O,4.38,1305957.25,688082.9,15.0,-3.1,1.89796498357974,-7.52
ME_1_2016,ME_1,2016,406942,CHELLIE PINGREE,Democrat,I,MARK I HOLBROOK,Republican,C,15.48,296523.89,102072.33,-9.0,1.1,2.9050369478192573,7.58
ME_1_2018,ME_1,2018,342053,CHELLIE PINGREE,Democrat,I,MARK I HOLBROOK,Republican,C,26.31,1088304.62,95470.67,-8.0,-8.6,11.3993608717735,9.71
ME_2_2014,ME_2,2014,295009,BRUCE POLIQUIN,Republican,O,EMILY ANN CAIN,Democrat,O,5.0,1720116.21,1969516.56,-2.0,5.7,0.8733697623745799,1.3
ME_2_2018,ME_2,2018,281371,JARED F GOLDEN,Democrat,C,BRUCE POLIQUIN,Republican,I,1.03,5683486.05,4253973.13,2.0,-8.6,1.3360418310869773,-5.57
ME_2_2020,ME_2,2020,380324,JARED F GOLDEN,Democrat,I,DALE JOHN CRAFTS,Republican,C,5.98,5344641.06,1279586.58,2.0,-3.1,4.176849885374696,4.88
MI_11_2012,MI_11,2012,358139,KERRY BENTIVOLIO,Republican,O,SYED TAJ,Democrat,O,6.4,586251.98,698355.23,4.0,-1.1,0.8394753197452248,3.5
MI_11_2014,MI_11,2014,251238,DAVE TROTT,Republican,I,BOBBY MCKENZIE,Democrat,C,15.43,4958199.59,815445.33,4.0,5.7,6.0803580664322405,5.73
MI_11_2016,MI_11,2016,379488,DAVID A TROTT,Republican,I,ANIL KUMAR,Democrat,C,12.76,1376818.13,1169613.05,4.0,1.1,1.177156949471451,7.66
MI_11_2018,MI_11,2018,350901,HALEY STEVENS,Democrat,O,LENA EPSTEIN,Republican,O,6.68,4184088.91,2675140.12,4.0,-8.6,1.5640634592254554,2.08
MI_11_2020,MI_11,2020,450473,HALEY M STEVENS,Democrat,I,ERIC S ESSHAKI,Republican,C,2.38,5815452.57,1399308.51,4.0,-3.1,4.15594740433616,3.28
MI_1_2012,MI_1,2012,347037,DAN BENISHEK,Republican,I,GARY MCDOWELL,Democrat,C,0.54,2171929.55,1488710.75,4.0,-1.1,1.4589332078108523,-2.36
MI_1_2014,MI_1,2014,250131,DAN BENISHEK,Republican,I,JERRY CANNON,Democrat,C,6.86,2176821.68,1002506.43,5.0,5.7,2.1713792698566534,-3.84
MI_1_2016,MI_1,2016,360271,JACK BERGMAN,Republican,I,LON JOHNSON,Democrat,C,14.83,1377305.77,2059958.93,5.0,1.1,0.6686083639541299,8.73
MI_3_2012,MI_3,2012,326283,JUSTIN AMASH,Republican,I,STEVE PESTKA,Democrat,C,8.45,1293710.96,2096680.33,5.0,-1.1,0.6170282333883487,4.55
MI_3_2020,MI_3,2020,403419,PETER MEIJER,Republican,I,HILLARY SCHOLTEN,Democrat,C,5.92,3412997.79,3813354.85,6.0,-3.1,0.8950118528832951,3.02
MI_6_2014,MI_6,2014,208976,FRED UPTON,Republican,I,PAUL CLEMENTS,Democrat,C,15.51,3941683.73,793361.74,1.0,5.7,4.968331003710867,8.81
MI_6_2018,MI_6,2018,293438,FRED UPTON,Republican,I,MATT LONGJOHN,Democrat,C,4.55,3580575.68,1453154.04,4.0,-8.6,2.464002838955738,9.15
MI_7_2012,MI_7,2012,318069,TIM WALBERG,Republican,I,KURT RICHARD HASKELL,Democrat,C,10.32,1309734.62,101252.47,3.0,-1.1,12.935335009605199,8.42
MI_7_2014,MI_7,2014,223685,TIM WALBERG,Republican,I,PAM BYRNES,Democrat,C,12.29,1784290.9,1375605.15,3.0,5.7,1.2970952456815097,3.59
MI_7_2018,MI_7,2018,295060,TIM WALBERG,Republican,I,GRETCHEN DRISKELL,Democrat,C,7.59,2268491.89,2711006.54,7.0,-8.6,0.8367710872434856,9.19
MI_8_2014,MI_8,2014,243125,MIKE BISHOP,Republican,O,ERIC SHERTZING,Democrat,O,12.53,1023449.14,503638.41,2.0,5.7,2.0321109742205725,4.83
MI_8_2018,MI_8,2018,341593,ELISSA SLOTKIN,Democrat,C,MIKE BISHOP,Republican,I,3.83,7448338.28,3395329.77,4.0,-8.6,2.1937009906404468,-0.77
MI_8_2020,MI_8,2020,428344,ELISSA SLOTKIN,Democrat,I,PAUL JUNGE,Republican,C,3.59,7587944.33,2101990.08,4.0,-3.1,3.609885889661287,4.49
MN_8_2014,MN_8,2014,266083,RICHARD M NOLAN,Democrat,I,STEWART MILLS,Republican,C,1.4,2113281.4,2130682.06,-1.0,5.7,0.9918332911668669,6.1
MN_8_2016,MN_8,2016,356971,RICHARD M NOLAN,Democrat,I,STEWART MILLS,Republican,C,0.56,2892902.31,3777616.71,-1.0,1.1,0.7658009089016339,0.66
MO_2_2018,MO_2,2018,376066,ANN WAGNER,Republican,I,CORT VANOSTRAN,Democrat,C,3.95,4196374.44,2348132.03,8.0,-8.6,1.787111792006006,4.55
MO_2_2020,MO_2,2020,449348,ANN WAGNER,Republican,I,JILL SCHUPP,Democrat,C,6.37,6568319.89,4849789.0,8.0,-3.1,1.354351682104108,1.47
MT_0_2012,MT_0,2012,479740,STEVE DAINES,Republican,O,KIM GILLAN,Democrat,O,10.53,2021595.6,991015.88,7.0,-1.1,2.039922508608036,4.63
MT_0_2014,MT_0,2014,367963,RYAN ZINKE,Republican,O,JOHN LEWIS,Democrat,O,15.0,4665054.67,1703086.35,7.0,5.7,2.739176830346858,2.3
MT_0_2016,MT_0,2016,507831,RYAN K ZINKE,Republican,I,DENISE JUNEAU,Democrat,C,15.64,6064302.48,2704818.6,7.0,1.1,2.242036667449714,7.54
MT_0_2018,MT_0,2018,504421,GREG GIANFORTE,Republican,I,KATHLEEN WILLIAMS,Democrat,C,4.63,9800102.35,4124015.03,11.0,-8.6,2.376349814127617,2.23
MT_0_2020,MT_0,2020,601509,MATT ROSENDALE,Republican,C,KATHLEEN WILLIAMS,Democrat,I,12.77,3848139.8,6362944.5,11.0,-3.1,0.6047734346889243,4.87
NC_10_2012,NC_10,2012,334849,PATRICK T MCHENRY,Republican,I,PATSY KEEVER,Democrat,C,13.98,1188998.63,534465.33,11.0,-1.1,2.224650624204193,4.08
NC_10_2014,NC_10,2014,218796,PATRICK T MCHENRY,Republican,I,TATE MACQUEEN,Democrat,C,22.04,1031565.33,82885.76,11.0,5.7,12.445627934159017,5.34
NC_11_2012,NC_11,2012,331426,MARK MEADOWS,Republican,O,HAYDEN ROGERS,Democrat,O,14.85,1098849.79,725987.85,12.0,-1.1,1.5135925346409036,3.95
NC_11_2014,NC_11,2014,230024,MARK MEADOWS,Republican,I,TOM HILL,Democrat,C,25.8,375785.52,14965.92,13.0,5.7,25.10941659450271,7.1
NC_13_2012,NC_13,2012,370610,GEORGE HOLDING,Republican,O,CHARLES MALONE,Democrat,O,13.59,1680724.26,18132.48,9.0,-1.1,92.69136157878017,5.69
NC_13_2014,NC_13,2014,268709,GEORGE HOLDING,Republican,I,BRENDA CLEARY,Democrat,C,14.62,1449386.85,73180.8,8.0,5.7,19.805561704709433,0.92
NC_13_2016,NC_13,2016,355492,TED BUDD,Republican,I,BRUCE DAVIS,Democrat,C,12.21,591736.07,105549.85,5.0,1.1,5.606223694301791,6.11
NC_2_2012,NC_2,2012,311397,RENEE L ELLMERS,Republican,I,STEVE WILKINS,Democrat,C,14.48,1190907.49,84862.47,11.0,-1.1,14.03338236560873,4.58
NC_2_2014,NC_2,2014,207607,RENEE L ELLMERS,Republican,I,CLAY AIKEN,Democrat,C,17.65,1820393.6,1181594.3,10.0,5.7,1.5406248997646654,1.95
NC_2_2016,NC_2,2016,390567,GEORGE HOLDING,Republican,I,JOHN P MCNEIL,Democrat,C,13.42,,83558.88,8.0,1.1,,4.32
NC_5_2012,NC_5,2012,349197,VIRGINIA FOXX,Republican,I,ELISABETH MOTSINGER,Democrat,C,15.09,721824.4,130813.23,12.0,-1.1,5.517977042536141,4.19
NC_5_2014,NC_5,2014,228252,VIRGINIA FOXX,Republican,I,"JOSHUA ""JOSH"" BRANNON",Democrat,C,22.04,693096.21,9946.0,11.0,5.7,69.68592499497285,5.34
NC_8_2012,NC_8,2012,302280,RICHARD HUDSON,Republican,C,LARRY KISSELL,Democrat,I,7.79,1543063.81,1308674.54,12.0,-1.1,1.1791043248996043,-3.11
NC_8_2016,NC_8,2016,323045,RICHARD HUDSON,Republican,I,THOMAS MILLS,Democrat,C,17.55,2445102.02,400287.42,8.0,1.1,6.108365883694272,8.45
NC_8_2020,NC_8,2020,380555,RICHARD HUDSON,Republican,I,PATRICIA TIMMONS-GOODSON,Democrat,C,6.57,4404937.99,3931198.45,5.0,-3.1,1.1205076635090758,4.67
NC_9_2016,NC_9,2016,332493,ROBERT PITTENGER,Republican,I,CHRISTIAN CANO,Democrat,C,16.36,1210766.06,59507.93,8.0,1.1,20.346297711918396,7.26
NC_9_2020,NC_9,2020,404124,DAN BISHOP,Republican,I,CYNTHIA L WALLACE,Democrat,C,11.18,4350726.69,808399.89,7.0,-3.1,5.381899161317303,7.28
NE_2_2012,NE_2,2012,263731,LEE TERRY,Republican,I,JOHN W EWING JR,Democrat,C,1.59,2033246.3,585171.13,6.0,-1.1,3.474618271068841,-3.31
NE_2_2016,NE_2,2016,288308,DON BACON,Republican,C,BRAD ASHFORD,Democrat,I,1.2,1579008.03,2526950.05,4.0,1.1,0.6248671318216203,-3.9
NE_2_2018,NE_2,2018,248485,DON BACON,Republican,I,KARA EASTMAN,Democrat,C,1.99,2600431.85,2549874.69,4.0,-8.6,1.01982731159232,6.59
NE_2_2020,NE_2,2020,336962,DON BACON,Republican,I,KARA EASTMAN,Democrat,C,4.56,3755143.73,4578198.75,4.0,-3.1,0.8202229599577782,3.66
NH_1_2012,NH_1,2012,345022,CAROL SHEA-PORTER,Democrat,I,FRANK C GUINTA,Republican,C,3.77,1696702.75,1869673.46,0.0,-1.1,0.9074861393176111,2.67
NH_1_2014,NH_1,2014,242736,FRANK C GUINTA,Republican,I,CAROL SHEA-PORTER,Democrat,C,3.6,1261539.04,1714914.56,1.0,5.7,0.7356279253935543,-3.1
NH_1_2016,NH_1,2016,365984,CAROL SHEA-PORTER,Democrat,C,FRANK C GUINTA,Republican,I,1.34,1554745.36,1545515.37,1.0,1.1,1.0059721114258475,3.44
NH_1_2018,NH_1,2018,291039,CHRIS PAPPAS,Democrat,O,EDDIE EDWARDS,Republican,O,8.55,2105498.06,1217271.65,2.0,-8.6,1.7296862701107023,1.95
NH_1_2020,NH_1,2020,400661,CHRIS PAPPAS,Democrat,I,MATT MOWERS,Republican,C,5.1,3122213.85,1758300.07,2.0,-3.1,1.7757002364221028,4.0
NH_2_2012,NH_2,2012,337394,ANN MCLANE KUSTER,Democrat,C,CHARLES F BASS,Republican,I,4.83,3173921.36,2072140.92,-3.0,-1.1,1.5317111540850223,0.73
NH_2_2016,NH_2,2016,350509,ANN M KUSTER,Democrat,I,JIM LAWRENCE,Republican,C,4.44,2182810.77,104872.73,-3.0,1.1,20.813902432024037,2.54
NH_2_2018,NH_2,2018,279705,ANNE MCLANE KUSTER,Democrat,I,STEVEN NEGRON,Republican,C,13.36,3357381.2,454910.24,-2.0,-8.6,7.380315729977853,2.76
NH_2_2020,NH_2,2020,386441,ANN M KUSTER,Democrat,I,STEVEN NEGRON,Republican,C,10.2,3055351.43,459541.62,-2.0,-3.1,6.64869360472725,5.1
NJ_11_2018,NJ_11,2018,323574,MIKIE SHERRILL,Democrat,O,JAY WEBBER,Republican,O,14.64,8168084.08,1646820.97,3.0,-8.6,4.9599101716563645,9.04
NJ_11_2020,NJ_11,2020,441176,MIKIE SHERRILL,Democrat,I,ROSEMARY BECCHI,Republican,C,6.61,3807868.3,1697769.2,3.0,-3.1,2.242865696939254,6.51
NJ_1_2018,NJ_1,2018,263418,DONALD W NORCROSS,Democrat,I,PAUL E DILKS,Republican,C,31.13,1503682.38,13985.83,-13.0,-8.6,107.51470452593803,9.53
NJ_1_2020,NJ_1,2020,385030,DONALD NORCROSS,Democrat,I,CLAIRE H GUSTAFSON,Republican,C,24.96,1102256.91,21761.17,-13.0,-3.1,50.65246537755093,8.86
NJ_2_2018,NJ_2,2018,258363,JEFF VAN DREW,Democrat,O,SETH GROSSMAN,Republican,O,7.67,1893108.28,308650.87,1.0,-8.6,6.133494067261174,0.07
NJ_2_2020,NJ_2,2020,376547,JEFFERSON VAN DREW,Republican,I,AMY KENNEDY,Democrat,C,5.76,4138860.95,5042549.44,1.0,-3.1,0.8207873813132113,7.86
NJ_3_2012,NJ_3,2012,324399,JON RUNYAN,Republican,I,SHELLEY ADLER,Democrat,C,8.86,1999879.25,1047627.22,2.0,-1.1,1.9089607560979562,7.96
NJ_3_2014,NJ_3,2014,186103,TOM MACARTHUR,Republican,O,AIMEE BELGARD,Democrat,O,9.64,5648742.47,1773981.28,1.0,5.7,3.184217631653926,2.94
NJ_3_2018,NJ_3,2018,306875,ANDY KIM,Democrat,C,TOM MACARTHUR,Republican,I,1.29,6375721.12,4764500.11,2.0,-8.6,1.3381721004934555,-5.31
NJ_3_2020,NJ_3,2020,431762,ANDY KIM,Democrat,I,DAVID RICHTER,Republican,C,7.76,6869993.74,1555148.13,2.0,-3.1,4.417581584334349,6.66
NJ_5_2012,NJ_5,2012,304371,SCOTT GARRETT,Republican,I,ADAM GUSSEN,Democrat,C,12.29,1110176.9,51444.28,4.0,-1.1,21.580181509003527,9.39
NJ_5_2014,NJ_5,2014,188921,SCOTT GARRETT,Republican,I,ROY CHO,Democrat,C,12.11,2245456.46,1251518.41,4.0,5.7,1.7941857203682685,2.41
NJ_5_2016,NJ_5,2016,337701,JOSHUA S GOTTHEIMER,Democrat,C,SCOTT GARRETT,Republican,I,4.41,4720617.11,4361463.81,4.0,1.1,1.0823469632320533,9.51
NJ_5_2018,NJ_5,2018,301823,JOSH GOTTHEIMER,Democrat,I,JOHN J MCCANN JR,Republican,C,13.68,2936325.74,936653.3,3.0,-8.6,3.134912074723913,8.08
NJ_5_2020,NJ_5,2020,423636,JOSH GOTTHEIMER,Democrat,I,FRANK T PALLOTTA,Republican,C,7.52,3593230.36,2077177.03,3.0,-3.1,1.7298623603593382,7.42
NJ_7_2014,NJ_7,2014,175997,LEONARD LANCE,Republican,I,JANICE KOVACH,Democrat,C,20.49,1031919.89,116468.28,6.0,5.7,8.860093838425364,8.79
NJ_7_2016,NJ_7,2016,343635,LEONARD LANCE,Republican,I,PETER JACOB,Democrat,C,10.96,1278475.07,305973.52,6.0,1.1,4.178384685053792,3.86
NJ_7_2018,NJ_7,2018,322742,TOM MALINOWSKI,Democrat,C,LEONARD LANCE,Republican,I,5.02,6246478.55,2747582.63,3.0,-8.6,2.273445202992858,-0.58
NJ_7_2020,NJ_7,2020,433947,TOM MALINOWSKI,Democrat,I,THOMAS H KEAN JR,Republican,C,1.22,7503596.87,3840650.57,3.0,-3.1,1.9537306852677307,1.12
NM_1_2018,NM_1,2018,249162,DEBRA A HAALAND,Democrat,O,JANICE E ARNOLD-JONES,Republican,O,22.81,2187367.02,319022.65,-7.0,-8.6,6.856463075584132,7.21
NM_1_2020,NM_1,2020,321290,DEBRA A HAALAND,Democrat,I,MICHELLE GARCIA HOLMES,Republican,C,16.38,1903520.46,383583.73,-7.0,-3.1,4.962464023174289,6.28
NM_2_2018,NM_2,2018,199256,XOCHITL TORRES SMALL,Democrat,O,YVETTE HERRELL,Republican,O,1.87,4641990.04,1341381.29,6.0,-8.6,3.460604434105384,-0.73
NM_2_2020,NM_2,2020,264946,YVETTE HERRELL,Republican,C,XOCHITL TORRES SMALL,Democrat,I,7.45,2984195.58,8630945.41,6.0,-3.1,0.3457553533524203,4.55
NV_3_2012,NV_3,2012,272523,JOSEPH J HECK,Republican,I,JOHN OCEGUERA,Democrat,C,7.49,2346654.27,1530430.82,0.0,-1.1,1.5333292033415793,8.59
NV_3_2016,NV_3,2016,310963,JACKY ROSEN,Democrat,O,DANNY TARKANIAN,Republican,O,1.27,1715492.88,2074061.09,0.0,1.1,0.8271178164766593,2.37
NV_3_2018,NV_3,2018,286168,SUSIE LEE,Democrat,O,DANNY TARKANIAN,Republican,O,9.06,5075147.2,2492030.66,2.0,-8.6,2.0365508665130148,2.46
NV_3_2020,NV_3,2020,417252,SUSIE LEE,Democrat,I,"DAN ""BIG DAN"" RODIMER",Republican,C,2.98,4781542.68,3131213.48,2.0,-3.1,1.527057388626214,1.88
NV_4_2012,NV_4,2012,240492,STEVEN A HORSFORD,Democrat,I,DANNY TARKANIAN,Republican,C,8.0,1705209.95,1332798.71,-2.0,-1.1,1.279420468526714,4.9
NV_4_2014,NV_4,2014,130781,CRESENT HARDY,Republican,C,STEVEN A HORSFORD,Democrat,I,2.77,383493.9,1934821.85,-4.0,5.7,0.19820631031223881,1.07
NV_4_2016,NV_4,2016,265846,RUBEN KIHUEN,Democrat,C,CRESENT HARDY,Republican,I,4.01,2238399.73,1931341.23,-4.0,1.1,1.1589871821873756,1.11
NV_4_2018,NV_4,2018,234868,STEVEN A HORSFORD,Democrat,O,CRESENT HARDY,Republican,O,8.18,2255315.24,889839.7,-3.0,-8.6,2.534518565534894,-3.42
NV_4_2020,NV_4,2020,332469,STEVEN HORSFORD,Democrat,I,JIM MARCHANT,Republican,C,4.86,3048784.98,1550714.52,-3.0,-3.1,1.9660517398134636,-1.24
NY_11_2014,NY_11,2014,110999,MICHAEL G GRIMM,Republican,I,DOMENIC M RECCHIA JR,Democrat,C,12.29,2034806.78,2469658.52,2.0,5.7,0.8239223210502803,4.59
NY_11_2018,NY_11,2018,192173,MAX N ROSE,Democrat,C,DAN DONOVAN,Republican,I,6.44,4441148.2,2694356.32,3.0,-8.6,1.6483150973884555,0.84
NY_11_2020,NY_11,2020,301351,NICOLE MALLIOTAKIS,Republican,C,MAX N ROSE,Democrat,I,6.11,3483560.24,9537934.79,3.0,-3.1,0.36523213008882405,6.21
NY_18_2012,NY_18,2012,295436,SEAN PATRICK MALONEY,Democrat,I,NAN A S HAYWORTH,Republican,C,3.65,2246008.2,3317572.05,2.0,-1.1,0.6770035936370998,4.55
NY_18_2014,NY_18,2014,186715,SEAN PATRICK MALONEY,Democrat,I,NAN HAYWORTH,Republican,C,1.79,4161436.91,3386118.96,0.0,5.7,1.228969495507624,7.49
NY_18_2018,NY_18,2018,251690,SEAN PATRICK MALONEY,Democrat,I,JAMES O'DONNELL,Republican,C,10.94,4431885.61,281216.14,1.0,-8.6,15.759712831560806,3.34
NY_18_2020,NY_18,2020,358738,SEAN PATRICK MALONEY,Democrat,I,CHELE C FARLEY,Republican,C,11.79,1769856.47,1152738.15,1.0,-3.1,1.535349957837346,9.69
NY_19_2012,NY_19,2012,305882,CHRISTOPHER P GIBSON,Republican,I,JULIAN SCHREIBMAN,Democrat,C,5.29,2203688.97,1338058.41,0.0,-1.1,1.646930323467718,6.39
NY_19_2016,NY_19,2016,326588,JOHN J FASO,Republican,O,ZEPHYR TEACHOUT,Democrat,O,7.64,2922131.3,5031761.19,-1.0,1.1,0.5807372785909181,7.54
NY_19_2018,NY_19,2018,287986,ANTONIO DELGADO,Democrat,C,JOHN J FASO,Republican,I,5.21,9166151.0,3909694.97,2.0,-8.6,2.3444670416321505,-1.39
NY_19_2020,NY_19,2020,370433,ANTONIO DELGADO,Democrat,I,KYLE VAN DE WATER,Republican,C,10.97,3034333.02,121091.5,2.0,-3.1,25.058183439795528,9.87
NY_1_2012,NY_1,2012,294578,TIMOTHY H BISHOP,Democrat,I,RANDY ALTSCHULER,Republican,C,4.6,3031035.92,2293150.39,0.0,-1.1,1.321778080154612,3.5
NY_1_2014,NY_1,2014,176719,LEE M ZELDIN,Republican,C,TIMOTHY H BISHOP,Democrat,I,8.67,1814213.15,2988327.66,2.0,5.7,0.6070998084594244,0.97
NY_1_2018,NY_1,2018,270053,LEE M ZELDIN,Republican,I,PERRY GERSHON,Democrat,C,4.09,4834395.99,5075628.25,5.0,-8.6,0.9524724333386709,7.69
NY_1_2020,NY_1,2020,389014,LEE M ZELDIN,Republican,I,NANCY S GOROFF,Democrat,C,9.36,8282563.49,7936371.58,5.0,-3.1,1.0436209301077106,7.46
NY_22_2016,NY_22,2016,296086,CLAUDIA TENNEY,Republican,O,KIM A MYERS,Democrat,O,5.13,889095.44,1660309.43,3.0,1.1,0.5354998435442242,1.03
NY_22_2018,NY_22,2018,251212,ANTHONY J BRINDISI,Democrat,C,CLAUDIA TENNEY,Republican,I,1.78,4637060.53,3338189.5,6.0,-8.6,1.3890944567406973,-0.82
NY_22_2020,NY_22,2020,326568,CLAUDIA TENNEY,Republican,C,ANTHONY J BRINDISI,Democrat,I,0.03,2800346.36,5901341.91,6.0,-3.1,0.4745270487132307,-2.87
NY_25_2012,NY_25,2012,322760,LOUISE MCINTOSH SLAUGHTER,Democrat,I,MAGGIE BROOKS,Republican,C,14.38,2469256.67,1447863.89,-5.0,-1.1,1.7054480652874078,8.28
NY_25_2014,NY_25,2014,196516,LOUISE MCINTOSH SLAUGHTER,Democrat,I,MARK W ASSINI,Republican,C,0.44,796859.44,193193.41,-7.0,5.7,4.124671954390163,-0.86
NY_25_2016,NY_25,2016,336386,LOUISE MCINTOSH SLAUGHTER,Democrat,I,MARK W ASSINI,Republican,C,11.98,1614652.78,221477.29,-7.0,1.1,7.290376272890101,6.08
NY_25_2018,NY_25,2018,270120,JOSEPH D MORELLE,Democrat,I,JIM MAXWELL,Republican,C,17.96,1837132.63,992387.55,-8.0,-8.6,1.8512249876572915,1.36
NY_25_2020,NY_25,2020,367377,JOSEPH D MORELLE,Democrat,I,GEORGE MITRIS,Republican,C,19.11,1317024.89,279047.05,-8.0,-3.1,4.719723394316478,8.01
NY_27_2012,NY_27,2012,329768,CHRIS COLLINS,Republican,C,KATHLEEN C HOCHUL,Democrat,I,1.52,1420829.91,4858495.76,7.0,-1.1,0.29244234845231193,-4.38
NY_27_2018,NY_27,2018,285300,CHRIS COLLINS,Republican,I,NATHAN D MCMURRAY,Democrat,C,0.38,1816058.98,1364110.33,11.0,-8.6,1.3313138534769398,-2.02
NY_3_2016,NY_3,2016,350966,THOMAS R SUOZZI,Democrat,O,JACK M MARTINS,Republican,O,5.55,2347147.78,1148691.2,0.0,1.1,2.043323549444794,6.65
NY_3_2018,NY_3,2018,267062,THOMAS R SUOZZI,Democrat,I,DAN P DEBONO,Republican,C,17.95,1483584.61,454227.34,-1.0,-8.6,3.2661719789918413,8.35
NY_3_2020,NY_3,2020,398887,THOMAS R SUOZZI,Democrat,I,GEORGE AD SANTOS,Republican,C,11.69,2350850.41,638536.54,-1.0,-3.1,3.6816223704284803,7.59
NY_4_2014,NY_4,2014,175305,KATHLEEN M RICE,Democrat,O,BRUCE A BLAKEMAN,Republican,O,5.51,3487899.91,1683954.77,-3.0,5.7,2.0712551026533808,8.21
NY_4_2020,NY_4,2020,385015,KATHLEEN M RICE,Democrat,I,DOUGLAS L TUMAN,Republican,C,12.14,1228432.21,132223.76,-4.0,-3.1,9.290555721604044,5.04
OH_12_2018,OH_12,2018,341647,TROY BALDERSON,Republican,I,DANNY O'CONNOR,Democrat,C,4.22,2521180.88,8462831.59,7.0,-8.6,0.2979122121464785,5.82
OH_12_2020,OH_12,2020,437672,TROY BALDERSON,Republican,I,ALAINA SHEARER,Democrat,C,13.47,1999772.89,1032453.0,7.0,-3.1,1.9369142130440804,9.57
OH_13_2018,OH_13,2018,251370,TIM RYAN,Democrat,I,CHRIS DEPIZZO,Republican,C,21.99,1653509.9,91710.9,-7.0,-8.6,18.029589721614332,6.39
OH_13_2020,OH_13,2020,330801,TIM RYAN,Democrat,I,CHRISTINA M HAGAN,Republican,C,7.55,2089544.91,830559.7,-7.0,-3.1,2.5158274715231186,-2.55
OH_1_2018,OH_1,2018,300871,STEVE CHABOT,Republican,I,AFTAB PUREVAL,Democrat,C,4.42,3026091.86,4140079.89,5.0,-8.6,0.730925958049568,8.02
OH_1_2020,OH_1,2020,385285,STEVE CHABOT,Republican,I,KATE SCHRODER,Democrat,C,7.15,2888368.93,4072238.34,5.0,-3.1,0.7092828780743713,5.25
OH_6_2012,OH_6,2012,308980,BILL JOHNSON,Republican,I,CHARLIE WILSON,Democrat,C,6.5,2052250.45,1562856.56,5.0,-1.1,1.3131406314089373,2.6
OH_6_2014,OH_6,2014,190652,BILL JOHNSON,Republican,I,JENNIFER GARRISON,Democrat,C,19.65,1920522.32,942867.48,8.0,5.7,2.0368952803420477,5.95
OK_5_2012,OK_5,2012,261677,JAMES LANKFORD,Republican,I,TOM GUILD,Democrat,C,21.44,815426.72,151632.72,13.0,-1.1,5.37764355872532,9.54
OK_5_2014,OK_5,2014,159133,STEVE RUSSELL,Republican,O,AL MCAFFREY,Democrat,O,23.78,845632.21,176109.98,12.0,5.7,4.80172793160274,6.08
OK_5_2016,OK_5,2016,280570,STEVE RUSSELL,Republican,I,AL MCAFFREY,Democrat,C,20.28,847767.97,67794.59,12.0,1.1,12.504950173752803,7.18
OK_5_2018,OK_5,2018,238960,KENDRA HORN,Democrat,C,STEVE RUSSELL,Republican,I,1.4,1184293.99,891903.25,10.0,-8.6,1.3278278669799668,2.8
OK_5_2020,OK_5,2020,303849,STEPHANIE BICE,Republican,C,KENDRA S HORN,Democrat,I,4.12,3567879.35,5976536.82,10.0,-3.1,0.5969810707198153,-2.78
OR_4_2018,OR_4,2018,372893,PETER DEFAZIO,Democrat,I,ART ROBINSON,Republican,C,15.1,1388447.69,168255.13,0.0,-8.6,8.252037783335343,6.5
OR_4_2020,OR_4,2020,467705,PETER A DEFAZIO,Democrat,I,ALEK SKARLATOS,Republican,C,5.32,5884593.25,5338964.33,0.0,-3.1,1.102197521143581,2.22
OR_5_2018,OR_5,2018,358469,KURT SCHRADER,Democrat,I,MARK CALLAHAN,Republican,C,13.2,862328.91,35313.09,0.0,-8.6,24.41952573394172,4.6
OR_5_2020,OR_5,2020,452646,KURT SCHRADER,Democrat,I,AMY RYAN COURSER,Republican,C,6.74,1937976.57,221541.97,0.0,-3.1,8.747672371063596,3.64
PA_10_2018,PA_10,2018,291033,SCOTT G PERRY,Republican,I,GEORGE B SCOTT,Democrat,C,2.64,1645975.5,2201795.35,6.0,-8.6,0.7475606213810925,5.24
PA_10_2020,PA_10,2020,391834,SCOTT G PERRY,Republican,I,EUGENE A DEPASQUALE,Democrat,C,6.62,3905339.93,4538350.26,6.0,-3.1,0.8605197277126866,3.72
PA_12_2012,PA_12,2012,338941,KEITH J ROTHFUS,Republican,C,MARK S CRITZ,Democrat,I,3.47,2015329.53,2709384.24,6.0,-1.1,0.7438330452531162,-1.43
PA_12_2014,PA_12,2014,215921,KEITH J ROTHFUS,Republican,I,ERIN MCCLELLAND,Democrat,C,18.56,1807453.99,376714.84,9.0,5.7,4.797936789535554,3.86
PA_16_2014,PA_16,2014,176235,JOSEPH R PITTS,Republican,I,TOM HOUGHTON,Democrat,C,15.44,1314731.6,152536.68,4.0,5.7,8.61911770991738,5.74
PA_16_2016,PA_16,2016,313773,LLOYD K SMUCKER,Republican,O,CHRISTINA HARTMAN,Democrat,O,10.86,1694547.87,1148979.24,4.0,1.1,1.4748289708002036,5.76
PA_16_2018,PA_16,2018,262396,GEORGE J KELLY JR,Republican,I,RONALD A DINICOLA,Democrat,C,4.28,3294021.2,1755514.26,8.0,-8.6,1.8763853276817017,4.88
PA_17_2016,PA_17,2016,293164,MATT CARTWRIGHT,Democrat,I,MATT CONNOLLY,Republican,C,7.61,861672.0,31056.78,-4.0,1.1,27.745052771085735,4.71
PA_17_2018,PA_17,2018,325579,CONOR JAMES LAMB,Democrat,I,KEITH ROTHFUS,Republican,C,12.51,8898568.71,3775394.78,3.0,-8.6,2.3569902562613603,6.91
PA_17_2020,PA_17,2020,434537,CONOR J LAMB,Democrat,I,RICHARD SEAN PARNELL,Republican,C,2.29,3528796.6,3788168.77,3.0,-3.1,0.9315309887843249,2.19
PA_3_2012,PA_3,2012,302514,MIKE KELLY,Republican,I,MISSA EATON,Democrat,C,13.85,,243534.68,5.0,-1.1,,9.95
PA_3_2014,PA_3,2014,187790,MIKE KELLY,Republican,I,DAN LAVALLEE,Democrat,C,21.26,,407605.25,8.0,5.7,,7.56
PA_6_2014,PA_6,2014,212544,RYAN COSTELLO,Republican,O,MANAN TRIVEDI,Democrat,O,12.58,1674282.63,943660.51,2.0,5.7,1.7742425504273776,4.88
PA_6_2018,PA_6,2018,301828,CHRISTINA JAMPOLER HOULAHAN,Democrat,O,GREGORY MICHAEL MCCAULEY SR,Republican,O,17.75,3402393.59,215002.51,-2.0,-8.6,15.824901718589237,7.15
PA_6_2020,PA_6,2020,403966,CHRISSY J HOULAHAN,Democrat,I,JOHN WILLIAM EMMONS,Republican,C,12.11,1419800.16,801516.01,-2.0,-3.1,1.7713933873884813,7.01
PA_8_2016,PA_8,2016,380818,BRIAN FITZPATRICK,Republican,O,STEVE SANTARSIERO,Democrat,O,8.85,2033130.72,2833967.38,1.0,1.1,0.7174150042616229,6.75
PA_8_2018,PA_8,2018,248166,MATTHEW ALTON CARTWRIGHT,Democrat,I,JOHN ROBERT CHRIN,Republican,C,9.28,2563832.07,2985347.94,1.0,-8.6,0.8588051113398862,1.68
PA_8_2020,PA_8,2020,343787,MATTHEW ALTON CARTWRIGHT,Democrat,I,JAMES ROCCO BOGNET,Republican,C,3.55,4214642.61,1407261.66,1.0,-3.1,2.9949246325662,1.45
RI_1_2012,RI_1,2012,205115,DAVID N CICILLINE,Democrat,I,BRENDAN P DOHERTY,Republican,C,12.13,2426394.01,1477749.18,-14.0,-1.1,1.6419525335145169,-2.97
RI_1_2014,RI_1,2014,146353,DAVID N CICILLINE,Democrat,I,COMICK BRENDAN LYNCH,Republican,C,19.26,1282281.36,12852.6,-15.0,5.7,99.76824611362682,9.96
SC_1_2016,SC_1,2016,325170,MARK SANFORD,Republican,I,DIMITRI CHERNY,Democrat,C,21.72,165469.81,26238.77,11.0,1.1,6.306309708877359,9.62
SC_1_2018,SC_1,2018,287433,JOE CUNNINGHAM,Democrat,I,KATIE ARRINGTON,Republican,C,1.39,2410274.65,1674899.95,10.0,-8.6,1.4390558970402978,2.79
SC_1_2020,SC_1,2020,427111,NANCY MACE,Republican,C,JOE CUNNINGHAM,Democrat,I,1.27,5813666.36,7138095.12,10.0,-3.1,0.8144562747154874,-5.63
SC_2_2016,SC_2,2016,304996,JOE WILSON,Republican,I,ARIK BJORN,Democrat,C,24.36,744980.15,69903.87,16.0,1.1,10.65720896425334,7.26
SC_2_2020,SC_2,2020,364215,JOE WILSON,Republican,I,ADAIR FORD BOROUGHS,Democrat,C,13.07,1762180.03,2535073.49,12.0,-3.1,0.695119899660187,4.17
SC_5_2012,SC_5,2012,278003,MICK MULVANEY,Republican,I,JOYCE KNOTT,Democrat,C,11.11,763829.67,32718.83,9.0,-1.1,23.345262345872392,3.21
SC_5_2014,SC_5,2014,175145,MICK MULVANEY,Republican,I,TOM ADAMS,Democrat,C,17.75,1136134.23,51446.36,9.0,5.7,22.083860354746186,3.05
SC_7_2012,SC_7,2012,275738,TOM RICE,Republican,I,GLORIA BROMELL TINUBU,Democrat,C,11.13,1367012.5,637043.15,7.0,-1.1,2.14587112348669,5.23
SC_7_2014,SC_7,2014,171524,TOM RICE,Republican,I,GLORIA BROMELL-TINUBU,Democrat,C,19.97,876373.93,238051.99,7.0,5.7,3.68143920998098,7.27
TN_4_2012,TN_4,2012,230590,SCOTT DESJARLAIS,Republican,I,ERIC STEWART,Democrat,C,11.51,1266553.7,700575.49,13.0,-1.1,1.8078761219579633,-0.39
TN_4_2014,TN_4,2014,145418,SCOTT DES JARLAIS,Republican,I,LENDRA SHERRELL,Democrat,C,23.01,643369.09,1051656.59,18.0,5.7,0.6117672785181709,-0.69
TX_10_2016,TX_10,2016,312600,MICHAEL T MCCAUL,Republican,I,TAWANA W CADIEN,Democrat,C,18.89,1730835.84,7186.34,11.0,1.1,240.85081418357606,6.79
TX_10_2018,TX_10,2018,307827,MICHAEL T MCCAUL,Republican,I,MIKE SIEGEL,Democrat,C,4.27,1870327.23,485681.52,9.0,-8.6,3.8509334882661377,3.87
TX_10_2020,TX_10,2020,413894,MICHAEL T MCCAUL,Republican,I,MIKE SIEGEL,Democrat,C,7.13,3927931.12,2932841.7,9.0,-3.1,1.3392918956382813,1.23
TX_14_2012,TX_14,2012,245839,RANDY WEBER,Republican,O,NICK LAMPSON,Democrat,O,8.85,1371325.98,1175039.0,8.0,-1.1,1.1670472043906628,1.95
TX_14_2014,TX_14,2014,145698,RANDY K WEBER SR,Republican,I,DONALD G BROWN,Democrat,C,25.79,595588.25,33517.49,12.0,5.7,17.769476473327806,8.09
TX_15_2018,TX_15,2018,164802,VICENTE GONZALEZ,Democrat,I,TIM WESTLEY,Republican,C,20.92,411506.69,22942.0,-7.0,-8.6,17.936827216458898,5.32
TX_15_2020,TX_15,2020,228917,VICENTE GONZALEZ,Democrat,I,MONICA DE LA CRUZ-HERNANDEZ,Republican,C,2.88,907999.77,416551.57,-7.0,-3.1,2.1798015789497565,-7.22
TX_21_2016,TX_21,2016,356031,LAMAR SMITH,Republican,I,TOM WAKELY,Democrat,C,20.56,1772750.36,70715.74,12.0,1.1,25.068681456207628,7.46
TX_21_2018,TX_21,2018,353617,CHIP ROY,Republican,O,JOSEPH KOPSER,Democrat,O,2.61,1757842.15,3236438.68,10.0,-8.6,0.5431408791591873,1.21
TX_21_2020,TX_21,2020,453750,CHIP ROY,Republican,I,WENDY R DAVIS,Democrat,C,6.6,4771749.89,10366864.91,10.0,-3.1,0.4602886148730571,-0.3
TX_22_2016,TX_22,2016,305543,PETE OLSON,Republican,I,MARK GIBSON,Democrat,C,19.04,1424608.68,36495.44,15.0,1.1,39.035251527314095,2.94
TX_22_2018,TX_22,2018,297405,PETE OLSON,Republican,I,SRI PRESTON KULKARNI,Democrat,C,4.91,1927405.71,1609335.83,10.0,-8.6,1.1976404638924865,3.51
TX_22_2020,TX_22,2020,408048,TROY NEHLS,Republican,O,SRI PRESTON KULKARNI,Democrat,O,6.93,1798160.47,5772741.67,10.0,-3.1,0.31149158801696386,0.03
TX_23_2012,TX_23,2012,192169,PETE P GALLEGO,Democrat,C,"FRANCISCO ""QUICO"" CANSECO",Republican,I,4.75,1767937.79,2534134.93,5.0,-1.1,0.6976494302140415,8.65
TX_23_2014,TX_23,2014,115429,WILL HURD,Republican,I,PETE P GALLEGO,Democrat,C,2.1,1437693.88,2677952.94,3.0,5.7,0.5368630114911579,-6.6
TX_23_2016,TX_23,2016,228965,WILL HURD,Republican,I,PETE P GALLEGO,Democrat,C,1.33,4232951.96,2227078.06,3.0,1.1,1.9006751653779033,-2.77
TX_23_2018,TX_23,2018,210069,WILL HURD,Republican,I,GINA ORTIZ JONES,Democrat,C,0.44,5192900.98,6103697.69,1.0,-8.6,0.8507795182103784,8.04
TX_24_2016,TX_24,2016,275635,KENNY MARCHANT,Republican,I,JAN MCDOWELL,Democrat,C,16.85,528905.18,21796.25,13.0,1.1,24.26587968113781,2.75
TX_24_2018,TX_24,2018,263418,KENNY E MARCHANT,Republican,I,JAN MCDOWELL,Democrat,C,3.07,1103925.68,95507.42,9.0,-8.6,11.558533148523956,2.67
TX_25_2014,TX_25,2014,177883,ROGER WILLIAMS,Republican,I,MARCO MONTOYA,Democrat,C,23.98,1564454.0,25125.98,12.0,5.7,62.26439724938092,6.28
TX_25_2016,TX_25,2016,310196,ROGER WILLIAMS,Republican,I,KATHI THOMAS,Democrat,C,20.6,1216409.13,52100.87,12.0,1.1,23.347194202323298,7.5
TX_25_2018,TX_25,2018,304553,ROGER WILLIAMS,Republican,I,JULIE OLIVER,Democrat,C,8.75,1647321.88,645926.18,11.0,-8.6,2.550325301878923,6.35
TX_25_2020,TX_25,2020,393523,ROGER WILLIAMS,Republican,I,JULIE OLIVER,Democrat,C,13.82,3358150.96,2214190.51,11.0,-3.1,1.516649513595829,5.92
TX_27_2012,TX_27,2012,212651,BLAKE FARENTHOLD,Republican,I,ROSE MEZA HARRISON,Democrat,C,17.54,1197900.08,390919.06,13.0,-1.1,3.064317406268193,5.64
TX_27_2016,TX_27,2016,230580,BLAKE FARENTHOLD,Republican,I,"RAUL ""ROY"" BARRERA",Democrat,C,23.39,1113535.86,20852.64,13.0,1.1,53.40023421494833,9.29
TX_2_2016,TX_2,2016,278236,TED POE,Republican,I,PAT BRYAN,Democrat,C,24.61,623230.11,13900.98,16.0,1.1,44.83353763547606,7.51
TX_2_2018,TX_2,2018,263392,DAN CRENSHAW,Republican,O,TODD LITTON,Democrat,O,7.29,1844245.24,1515116.21,11.0,-8.6,1.2172302215682849,4.89
TX_2_2020,TX_2,2020,346726,DAN CRENSHAW,Republican,I,SIMA LADJEVARDIAN,Democrat,C,12.82,17654095.49,3886672.48,11.0,-3.1,4.542213315077168,4.92
TX_31_2016,TX_31,2016,284588,JOHN R CARTER,Republican,I,MIKE CLARK,Democrat,C,21.86,1257077.88,27234.94,12.0,1.1,46.1568073952063,8.76
TX_31_2018,TX_31,2018,286007,JOHN CARTER,Republican,I,"MARY JENNINGS ""MJ"" HEGAR",Democrat,C,2.91,1968957.43,5069600.64,10.0,-8.6,0.38838511547923427,1.51
TX_31_2020,TX_31,2020,398057,JOHN R CARTER,Republican,I,DONNA IMAM,Democrat,C,9.14,2223167.18,1242218.22,10.0,-3.1,1.7896752311361206,2.24
TX_32_2012,TX_32,2012,251636,PETE SESSIONS,Republican,I,KATHERINE SAVERS MCGOVERN,Democrat,C,18.82,1716842.95,79146.85,10.0,-1.1,21.69186707999118,9.92
TX_32_2018,TX_32,2018,275620,COLIN ALLRED,Democrat,C,PETE SESSIONS,Republican,I,6.52,5869234.53,5225907.24,5.0,-8.6,1.1231034651889458,2.92
TX_32_2020,TX_32,2020,343687,COLIN Z ALLRED,Democrat,I,GENEVIEVE COLLINS,Republican,C,6.02,5721622.7,6006854.31,5.0,-3.1,0.9525156437496485,7.92
TX_34_2018,TX_34,2018,143068,FILEMON B VELA,Democrat,I,REY GONZALEZ,Republican,C,19.98,726634.62,95421.53,-10.0,-8.6,7.614996531705161,1.38
TX_34_2020,TX_34,2020,201027,FILEMON VELA,Democrat,I,REY GONZALEZ,Republican,C,13.59,1034382.25,37445.83,-10.0,-3.1,27.623429631550426,0.49
TX_6_2012,TX_6,2012,249936,JOE BARTON,Republican,I,KENNETH SANDERS,Democrat,C,18.79,2152615.75,135452.27,15.0,-1.1,15.892061092811513,4.89
TX_6_2014,TX_6,2014,150996,JOE BARTON,Republican,I,DAVID E COZAD,Democrat,C,24.71,1659725.24,12826.87,11.0,5.7,129.39440720924122,8.01
TX_6_2016,TX_6,2016,273296,JOE BARTON,Republican,I,RUBY FAYE WOOLRIDGE,Democrat,C,19.31,1348463.14,22557.19,11.0,1.1,59.77974827538359,7.21
TX_6_2018,TX_6,2018,256042,RON WRIGHT,Republican,O,JANA LYNNE SANCHEZ,Democrat,O,7.66,704664.14,718241.7,9.0,-8.6,0.9810961129101806,7.26
TX_6_2020,TX_6,2020,339992,RON WRIGHT,Republican,I,STEPHEN DANIEL,Democrat,C,8.82,919091.38,678986.91,9.0,-3.1,1.3536216478753618,2.92
TX_7_2016,TX_7,2016,255533,JOHN ABNEY CULBERSON,Republican,I,JAMES CARGAS,Democrat,C,12.35,1195460.96,62159.16,13.0,1.1,19.23225732136663,-1.75
TX_7_2020,TX_7,2020,314125,LIZZIE FLETCHER,Democrat,I,WESLEY HUNT,Republican,C,3.33,,7387924.47,7.0,-3.1,,7.23
UT_2_2014,UT_2,2014,146188,CHRIS STEWART,Republican,I,LUZ ROBLES,Democrat,C,28.27,665016.23,147221.67,18.0,5.7,4.517108317002517,4.57
UT_2_2016,UT_2,2016,276819,CHRIS STEWART,Republican,I,CHARLENE ALBARRAN,Democrat,C,27.72,958040.77,585324.92,18.0,1.1,1.636767438502362,8.62
UT_2_2018,UT_2,2018,270044,CHRIS STEWART,Republican,I,SHIREEN GHORBANI,Democrat,C,17.2,938943.7,442738.79,16.0,-8.6,2.1207622218961206,9.8
UT_2_2020,UT_2,2020,354224,CHRIS STEWART,Republican,I,KAEL WESTON,Democrat,C,22.37,929210.17,307704.78,16.0,-3.1,3.019810644475526,9.47
UT_4_2016,UT_4,2016,274569,MIA B LOVE,Republican,I,DOUG OWENS,Democrat,C,12.45,5576207.69,2103032.24,16.0,1.1,2.651508419100603,-4.65
UT_4_2018,UT_4,2018,269271,BEN MCADAMS,Democrat,C,MIA B LOVE,Republican,I,0.26,3306517.59,5951840.23,13.0,-8.6,0.5555454216216418,4.66
UT_4_2020,UT_4,2020,376730,BURGESS OWENS,Republican,C,BEN MCADAMS,Democrat,I,1.0,5068995.95,5580074.1,13.0,-3.1,0.9084101499655713,-8.9
VA_10_2014,VA_10,2014,222910,BARBARA J COMSTOCK,Republican,O,JOHN W FOUST,Democrat,O,16.13,3403549.82,3036063.25,2.0,5.7,1.1210404855695941,8.43
VA_10_2016,VA_10,2016,400083,BARBARA COMSTOCK,Republican,I,LUANN L BENNETT,Democrat,C,5.77,5342922.33,2847964.19,2.0,1.1,1.876049687970269,2.67
VA_10_2018,VA_10,2018,367795,JENNIFER T WEXTON,Democrat,C,BARBARA J COMSTOCK,Republican,I,12.38,6115334.19,6456797.13,-1.0,-8.6,0.9471157397197022,2.78
VA_10_2020,VA_10,2020,475546,JENNIFER WEXTON,Democrat,I,ALISCIA N ANDREWS,Republican,C,13.14,1901911.61,1419877.44,-1.0,-3.1,1.3394899844313324,9.04
VA_2_2012,VA_2,2012,309222,E SCOTT RIGELL,Republican,I,PAUL O HIRSCHBIEL JR,Democrat,C,7.66,2604370.2,2003888.41,5.0,-1.1,1.29965829783905,3.76
VA_2_2014,VA_2,2014,173060,E SCOTT RIGELL,Republican,I,SUZANNE D PATRICK,Democrat,C,17.55,1605821.48,876469.57,2.0,5.7,1.8321474412397456,9.85
VA_2_2018,VA_2,2018,273400,ELAINE G LURIA,Democrat,C,SCOTT W TAYLOR,Republican,I,2.24,4270824.21,4083442.48,3.0,-8.6,1.0458881766837083,-3.36
VA_2_2020,VA_2,2020,360277,ELAINE G LURIA,Democrat,I,SCOTT W TAYLOR,Republican,C,3.2,6556703.99,2511988.95,3.0,-3.1,2.6101643440748417,3.1
VA_4_2012,VA_4,2012,350046,J RANDY FORBES,Republican,I,ELLA P WARD,Democrat,C,14.03,1240932.22,77669.42,6.0,-1.1,15.977101670129635,9.13
VA_4_2016,VA_4,2016,346656,A DONALD MCEACHIN,Democrat,I,"MICHAEL L ""MIKE"" WADE",Republican,C,15.69,516093.05,145601.99,-8.0,1.1,3.544546678242516,8.79
VA_4_2018,VA_4,2018,299854,A DONALD MCEACHIN,Democrat,I,RYAN A MCADAMS,Republican,C,26.66,931320.54,238960.01,-10.0,-8.6,3.8973907809930206,8.06
VA_5_2012,VA_5,2012,348111,ROBERT HURT,Republican,I,JOHN WADE DOUGLASS,Democrat,C,12.58,1980843.02,1155772.05,6.0,-1.1,1.7138699798113304,7.68
VA_5_2018,VA_5,2018,310926,DENVER L RIGGLEMAN III,Republican,O,LESLIE C COCKBURN,Democrat,O,6.53,1941098.64,3530910.19,6.0,-8.6,0.5497445518431608,9.13
VA_5_2020,VA_5,2020,402317,"ROBERT G ""BOB"" GOOD",Republican,I,B CAMERON WEBB,Democrat,C,5.14,1328692.64,5782803.89,6.0,-3.1,0.22976615933624545,2.24
VA_7_2012,VA_7,2012,381909,ERIC CANTOR,Republican,I,E WAYNE POWELL,Democrat,C,17.01,7485667.43,956746.93,11.0,-1.1,7.824083041478899,7.11
VA_7_2014,VA_7,2014,243351,DAVID A BRAT,Republican,I,"JOHN K ""JACK"" TRAMMELL",Democrat,C,23.88,1408692.93,534105.66,10.0,5.7,2.6374798761728155,8.18
VA_7_2016,VA_7,2016,379163,DAVE BRAT,Republican,I,EILEEN M BEDELL,Democrat,C,15.27,,244609.76,8.0,1.1,,6.17
VA_7_2018,VA_7,2018,349803,ABIGAIL A SPANBERGER,Democrat,C,DAVE A BRAT,Republican,I,1.94,7289953.38,3371043.95,6.0,-8.6,2.1625210137055615,-0.66
VA_7_2020,VA_7,2020,454339,ABIGAIL DAVIS SPANBERGER,Democrat,I,NICK J FREITAS,Republican,C,1.82,7959480.65,3640943.04,6.0,-3.1,2.1861041391078726,4.72
WA_10_2018,WA_10,2018,270075,DENNY HECK,Democrat,I,JOSEPH BRUMBLES,Republican,C,23.09,1221635.07,6071.52,-5.0,-8.6,201.20745217013203,9.49
WA_10_2020,WA_10,2020,340407,MARILYN STRICKLAND,Democrat,O,BETH DOGLIO,Democrat,O,13.78,1802661.97,1483736.39,-5.0,-3.1,1.214947602653326,5.68
WA_1_2012,WA_1,2012,328212,SUZAN DELBENE,Democrat,I,JOHN KOSTER,Republican,C,7.87,4501798.71,1201899.68,-3.0,-1.1,3.745569438873634,3.77
WA_1_2016,WA_1,2016,349398,SUZAN K DELBENE,Democrat,I,ROBERT J SUTHERLAND,Republican,C,10.83,1625142.38,28942.99,-4.0,1.1,56.149775126896,7.93
WA_1_2018,WA_1,2018,332743,SUZAN DELBENE,Democrat,I,JEFFREY BEELER,Republican,C,18.54,1558467.49,18808.39,-6.0,-8.6,82.86022833426998,3.94
WA_1_2020,WA_1,2020,426862,SUZAN K DELBENE,Democrat,I,JEFFREY BEELER SR,Republican,C,17.23,1903677.43,62279.24,-6.0,-3.1,30.566805728522056,8.13
WA_8_2018,WA_8,2018,313057,KIM SCHRIER,Democrat,O,DINO ROSSI,Republican,O,4.83,8075093.38,4821393.1,0.0,-8.6,1.674846504426283,-3.77
WA_8_2020,WA_8,2020,412112,KIM SCHRIER,Democrat,I,JESSE JENSEN,Republican,C,3.57,3809168.64,847466.89,0.0,-3.1,4.494769866466406,0.47
